ANALISTA	nccs	B-JOB
BASC	np00	I-JOB
Y	cc	I-JOB
SISO	np00	I-JOB
CHINCHA	np00	B-LUG
.	fp	O

Empresa	ncfs	O
Agroindustrial	aqcs	O
productora	ncfs	O
y	cc	O
exportadora	vmi	O
de	sp	O
productos	ncmp	O
agrícolas	aqcp	O
y	cc	O
frutales	aqcp	O
,	fc	O
la	da0fs	O
cual	pr0cs	O
cuenta	vmi	O
con	sp	O
diferentes	di0cp	O
plantas	ncfp	O
en	sp	O
las	da0fp	O
ciudades	ncfp	O
del	sp	O
norte	ncms	O
y	cc	O
sur	ncms	O
del	sp	O
país	ncms	O
,	fc	O
desea	vmi	O
incorporar	vmn	O
a	sp	O
su	dp3cs	O
equipo	ncms	O
de	sp	O
trabajo	ncms	O
a	sp	O
10	z	O
ANALISTAS	nccp	B-JOB
DE	sp	I-JOB
SISTEMA	ncms	I-JOB
DE	sp	I-JOB
GESTIÓN	ncfs	I-JOB
BASC	np00	I-JOB
Y	cc	I-JOB
DE	sp	I-JOB
SEGURIDAD	ncfs	I-JOB
INDUSTRIAL	aqcs	I-JOB
.	fp	O

OBJETIVO	ncms	O
:	fd	O

Brindar	vmn	B-FUN
soporte	ncms	I-FUN
al	sp	I-FUN
Jefe	ncms	I-FUN
de	sp	I-FUN
Seguridad	ncfs	I-FUN
Integral	aqcs	I-FUN
,	fc	I-FUN
en	sp	I-FUN
aspectos	ncmp	I-FUN
referidos	aqmp	I-FUN
a	sp	I-FUN
implementación	ncfs	I-FUN
de	sp	I-FUN
sistemas	ncmp	I-FUN
de	sp	I-FUN
gestión	ncfs	I-FUN
BASC	np00	I-FUN
;	fx	O
así	rg	O
como	cs	O
,	fc	O
diseñar	vmn	B-FUN
,	fc	I-FUN
implementar	vmn	I-FUN
,	fc	I-FUN
aplicar	vmn	I-FUN
y	cc	I-FUN
controlar	vmn	I-FUN
los	da0mp	I-FUN
procedimientos	ncmp	I-FUN
de	sp	I-FUN
Seguridad	ncfs	I-FUN
Industrial	aqcs	I-FUN
,	fc	I-FUN
en	sp	I-FUN
las	da0fp	I-FUN
Plantas	ncfp	I-FUN
de	sp	I-FUN
la	da0fs	I-FUN
organización	ncfs	I-FUN
.	fp	O

REQUISITOS	ncmp	O
:	fd	O

*	fz	O
Profesionales	nccp	O
en	sp	O
Ingeniería	np00	B-CARR
Industrial	np00	I-CARR
,	fc	O
Ambiental	np00	B-CARR
,	fc	O
Química	np00	B-CARR
,	fc	O
Mecánica	np00	B-CARR
,	fc	O
Eléctrica	np00	B-CARR
,	fc	O
entre	sp	O
otras	di0fp	O
ingenierías	ncfp	O
.	fp	O

*	fz	O
Sexo	ncms	O
indistinto	aqms	O
,	fc	O
edades	ncfp	O
entre	sp	O
27	z	O
a	sp	O
36	z	O
años	ncmp	O
.	fp	O

*	fz	O
Un	di0ms	O
año	ncms	O
de	sp	O
experiencia	ncfs	O
laboral	aqcs	O
en	sp	O
Plantas	ncfp	B-AREA
(	fpa	O
agroindustriales	aqcp	B-AREA
,	fc	O
pesqueras	aqfp	B-AREA
,	fc	O
textiles	aqcp	B-AREA
,	fc	O
etc	fs	O
.	fp	O
)	fpt	O

*	fz	O
Manejo	ncms	O
en	sp	O
la	da0fs	O
interpretación	ncfs	O
de	sp	O
la	da0fs	O
norma	ncfs	B-REQ
BASC	np00	I-REQ
03	z	O
-	fg	O
2012	z	O
y	cc	O
auditoría	ncfs	B-REQ
.	fp	O

*	fz	O
Conocimientos	ncmp	O
en	sp	O
sistemas	ncmp	B-REQ
de	sp	I-REQ
emergencias	ncfp	I-REQ
,	fc	O
D.S	np00	B-MISC
.	fp	I-MISC
N°	np00	I-MISC
005	z	I-MISC
-	fg	I-MISC
2012	z	I-MISC
-	fg	I-MISC
TR	np00	I-MISC
y	cc	O
sus	dp3cp	O
modificatorias	ncmp	O
.	fp	O

*	fz	O
Norma	ncfs	B-REQ
OSHAS	np00	I-REQ
18001	z	I-REQ
,	fc	O
ISO	np00	B-REQ
14001	z	I-REQ

*	fz	O
Ofimática	np00	B-REQ
a	sp	O
nivel	ncms	O
avanzado	aqms	O
.	fp	O

*	fz	O
Con	sp	O
habilidad	ncfs	O
para	sp	O
relacionarse	ncms	B-REQ
a	sp	O
todo	di0ms	O
nivel	ncms	O
y	cc	O
comunicación	ncfs	B-REQ
asertiva	aqfs	I-REQ
.	fp	O

*	fz	O
Actitudes	ncfp	O
de	sp	O
liderazgo	ncms	B-REQ
,	fc	O
proactividad	ncfs	B-REQ
y	cc	O
trabajo	ncms	B-REQ
en	sp	I-REQ
equipo	ncms	I-REQ
.	fp	O

*	fz	O
Capacidad	ncfs	O
de	sp	O
adaptación	ncfs	B-REQ
y	cc	O
trabajo	ncms	B-REQ
bajo	sp	I-REQ
presión	ncfs	I-REQ
.	fp	O

*	fz	O
Sin	sp	O
antecedentes	ncmp	O
policiales	aqcp	O
ni	cc	O
penales	aqcp	O
.	fp	O

*	fz	O
Licencia	ncfs	O
de	sp	O
conducir	vmn	O
A	sp	O
-	fg	O
I	np00	O

BENEFICIOS	ncmp	O
:	fd	O

*	fz	O
Remuneración	ncfs	O
bajo	sp	B-SAL
régimen	ncms	I-SAL
general	aqcs	I-SAL
.	fp	O

*	fz	O
Traslado	ncms	B-BEN
local	aqcs	I-BEN
hacia	sp	I-BEN
la	da0fs	I-BEN
planta	ncfs	I-BEN
procesadora	aqfs	I-BEN
.	fp	O

Universitario	ncms	O
Titulado	aqms	B-REQ
en	sp	O
Ingeniería	np00	B-CARR
Industrial	np00	I-CARR
.	fp	O

Universitario	ncms	O
Titulado	aqms	B-REQ
en	sp	O
Ingeniería	np00	B-CARR
en	sp	I-CARR
Higiene	np00	I-CARR
y	cc	I-CARR
Seguridad	np00	I-CARR
Industrial	np00	I-CARR
.	fp	O

Universitario	ncms	O
Titulado	aqms	B-REQ
en	sp	O
Ingeniería	np00	B-CARR
Agroindustrial	np00	I-CARR
.	fp	O

Universitario	ncms	O
Titulado	aqms	B-REQ
en	sp	O
Ingeniería	np00	B-CARR
Mecánico	np00	I-CARR
-	fg	I-CARR
Electricista	np00	I-CARR
.	fp	O

Experiencia	ncfs	O
:	fd	O

en	sp	O
el	da0ms	O
área	ncfs	O
de	sp	O
Ingeniería	ncfs	B-AREA
con	sp	O
1	z	O
año	ncms	O
de	sp	O
experiencia	ncfs	O
.	fp	O

Idioma	ncms	O

Inglés	np00	B-REQ
a	sp	O
nivel	ncms	O
intermedio	aqms	O

Manejo	ncms	O
de	sp	O
programas	ncmp	O
:	fd	O

Microsoft	np00	B-REQ
Excel	np00	I-REQ
a	sp	O
nivel	ncms	O
intermedio	aqms	O
,	fc	O
Microsoft	np00	B-REQ
Power	np00	I-REQ
Point	np00	I-REQ
a	sp	O
nivel	ncms	O
intermedio	aqms	O
,	fc	O
Microsoft	np00	B-REQ
Word	np00	I-REQ
a	sp	O
nivel	ncms	O
intermedio	aqms	O
.	fp	O

