Practicante	nccs	O
en	sp	O
Mecánica	np00	B-CARR
de	sp	I-CARR
Producción	np00	I-CARR
(	fpa	O
Maquinas	ncfp	B-AREA
-	fg	I-AREA
Herramientas	ncfp	I-AREA
)	fpt	O
.	fp	O

Empresa	np00	O
requiere	vmi	O
Urgente	vmn	O
de	sp	O
un	di0ms	O
Practicante	nccs	O
en	sp	O
Maquinas	ncfp	B-AREA
Herramientas	aqfp	I-AREA
,	fc	O
con	sp	O
conocimientos	ncmp	O
básicos	aqmp	O
de	sp	O
Soldadura	ncfs	B-FUN
para	sp	I-FUN
la	da0fs	I-FUN
fabricación	ncfs	I-FUN
de	sp	I-FUN
repuestos	ncmp	I-FUN
se	p0000	O
ofrece	vmi	O
capacitación	ncfs	B-BEN
constante	aqcs	I-BEN
profesional	aqcs	I-BEN
y	cc	O
estabilidad	ncfs	B-BEN
laboral	aqcs	I-BEN
y	cc	I-BEN
económico	aqms	I-BEN

