Auxiliar	nccs	B-JOB
Legal	aqcs	I-JOB
.	fp	O

I	fz	O
.	fh	O
Posición	ncfs	O
a	sp	O
ocupar­	vmi	O
:	fd	O
Auxilar	nccs	B-JOB

II	fz	O
.	fp	O
Área	ncfs	O
de	sp	O
trabajo	ncms	O
:	fd	O
Área	ncfs	O
Legal	aqcs	B-AREA

III	fz	O
.	fp	O
Funciones	ncfp	O
del	sp	O
cargo	ncms	O
:	fd	O

Elaboración	ncfs	B-FUN
y/o	cc	I-FUN
revisión	ncfs	I-FUN
de	sp	I-FUN
contratos	ncmp	I-FUN
y/o	cc	I-FUN
convenios	ncmp	I-FUN
civiles	aqcp	I-FUN
,	fc	I-FUN
laborales	aqcp	I-FUN
,	fc	I-FUN
entre	sp	I-FUN
otros	pi0mp	I-FUN
.	fp	O

Elaboración	ncfs	B-FUN
de	sp	I-FUN
escritos	ncmp	I-FUN
y/o	cc	I-FUN
cartas	ncfp	I-FUN
simples	aqcp	I-FUN
o	cc	I-FUN
notariales	aqcp	I-FUN
para	sp	I-FUN
atender	vmn	I-FUN
y/o	cc	I-FUN
dar	vmn	I-FUN
respuesta	ncfs	I-FUN
a	sp	I-FUN
los	da0mp	I-FUN
distintos	aqmp	I-FUN
asuntos	ncmp	I-FUN
legales	aqcp	I-FUN
propios	aqmp	I-FUN
de	sp	I-FUN
ESAN	np00	I-FUN
.	fp	O

Asesoría	ncfs	B-FUN
legal	aqcs	I-FUN
en	sp	I-FUN
temas	ncmp	I-FUN
civiles	aqcp	I-FUN
,	fc	I-FUN
laborales	aqcp	I-FUN
,	fc	I-FUN
comerciales	aqcp	I-FUN
,	fc	I-FUN
de	sp	I-FUN
Protección	ncfs	I-FUN
al	sp	I-FUN
Consumidor	ncms	I-FUN
,	fc	I-FUN
de	sp	I-FUN
Derecho	ncms	I-FUN
Marcario	aqms	I-FUN
,	fc	I-FUN
de	sp	I-FUN
Derecho	ncms	I-FUN
Administrativo	aqms	I-FUN
,	fc	I-FUN
entre	sp	I-FUN
otros	pi0mp	I-FUN
.	fp	O

Elaboración	ncfs	B-FUN
de	sp	I-FUN
respuestas	ncfp	I-FUN
a	sp	I-FUN
los	da0mp	I-FUN
reclamos	ncmp	I-FUN
y	cc	I-FUN
quejas	ncfp	I-FUN
presentados	vmp	I-FUN
en	sp	I-FUN
el	da0ms	I-FUN
Libro	ncms	I-FUN
de	sp	I-FUN
Reclamaciones	ncfp	I-FUN
.	fp	O

Ejecución	ncfs	B-FUN
de	sp	I-FUN
trámites	ncmp	I-FUN
administrativos	aqmp	I-FUN
ante	sp	O
el	da0ms	O
INDECOPI	np00	B-ORG
,	fc	O
SUNARP	np00	B-ORG
,	fc	O
entre	sp	O
otras	di0fp	O
entidades	ncfp	O
públicas	aqfp	O
.	fp	O

Revisión	ncfs	B-FUN
de	sp	I-FUN
normas	ncfp	I-FUN
legales	aqcp	I-FUN
.	fp	O

Revisión	ncfs	B-FUN
de	sp	I-FUN
marcas	ncfp	I-FUN
,	fc	I-FUN
lemas	ncmp	I-FUN
comerciales	aqcp	I-FUN
,	fc	I-FUN
nombres	ncmp	I-FUN
comerciales	aqcp	I-FUN
de	sp	I-FUN
terceros	ncmp	I-FUN
en	sp	I-FUN
trámite	ncms	I-FUN
de	sp	I-FUN
registro	ncms	I-FUN
ante	sp	I-FUN
INDECOPI	ncms	I-FUN
que	pr0cn	I-FUN
puedan	vms	I-FUN
colisionar	vmn	I-FUN
con	sp	I-FUN
los	da0mp	I-FUN
derechos	ncmp	I-FUN
marcarios	aqmp	I-FUN
de	sp	I-FUN
ESAN	np00	I-FUN
.	fp	O

IV	fz	O
.	fp	O
Estudios	ncmp	O
Realizados	vmp	O
(	fpa	O
carreras	ncfp	O
)	fpt	O
:	fd	O
Carrera	ncfs	O
de	sp	O
Derecho	np00	B-CARR
.	fp	O
Indispensable	aqcs	O
haber	van	O
cursado	vmp	O
las	da0fp	O
siguientes	aqcp	O
materias	ncfp	O
:	fd	O
Derecho	ncms	B-REQ
de	sp	I-REQ
Contratos	ncmp	I-REQ
,	fc	O
Derecho	ncms	B-REQ
Comercial	aqcs	I-REQ
,	fc	O
Derecho	ncms	B-REQ
Administrativo	aqms	I-REQ
,	fc	O
Derecho	ncms	B-REQ
de	sp	I-REQ
Propiedad	ncfs	I-REQ
Intelectual	aqcs	I-REQ
,	fc	O
Protección	ncfs	B-REQ
al	sp	I-REQ
Consumidor	ncms	I-REQ
.	fp	O

V	fz	O
.	fp	O
Grado	ncmn	O
de	sp	O
instrucción	ncfs	O
:	fd	O
Alumnos	ncmp	O
egresados	aqmp	O
o	cc	O
titulados	aqmp	B-REQ
.	fp	O

VI	fz	O
.	fp	O
Experiencia	ncfs	O
(	fpa	O
años	ncmp	O
y	cc	O
rubro	ncms	O
deseado	aqms	O
)	fpt	O
:	fd	O

Mínimo	rg	O
2	z	O
años	ncmp	O
en	sp	O
puestos	ncmp	O
similares	aqcp	O
.	fp	O

VII	fz	O
.	fp	O
Conocimiento	ncms	O

En	sp	O
derecho	ncms	B-REQ
de	sp	I-REQ
Contratos	ncmp	I-REQ
,	fc	O
Protección	ncfs	B-REQ
al	sp	I-REQ
Consumidor	ncms	I-REQ
,	fc	O
Derecho	ncms	B-REQ
Marcario	aqms	I-REQ
y/o	cc	O
Derecho	ncms	B-REQ
Municipal	aqcs	I-REQ
.	fp	O

VIII	fz	O
.	fp	O
Competencias	ncfp	B-REQ

*	fz	O
Proactivo	aqms	B-REQ

*	fz	O
Analítico	aqms	B-REQ

*	fz	O
Dinámico	aqms	B-REQ

*	fz	O
Capacidad	ncfs	O
de	sp	O
trabajo	ncms	B-REQ
bajo	sp	I-REQ
presión	ncfs	I-REQ

IX	fz	O
.	fp	O
Datos	ncmp	O
Generales	aqcp	O

Rango	ncms	O
Salarial	aqcs	O
:	fd	O

S/.2,000.00	zm	B-SAL
Nuevos	zm	I-SAL
Soles	zm	I-SAL
Mensuales	aqcp	I-SAL
.	fp	O

Horario	ncms	O
de	sp	O
Trabajo	ncms	O
:	fd	O
9:00	w	B-DATE
a.m.	w	I-DATE
a	sp	I-DATE
6:00	w	I-DATE
p.m	w	I-DATE
.	fp	O

Lugar	ncms	O
de	sp	O
Trabajo	ncms	O
:	fd	O
Surco	np00	B-LUG

