Abogado	ncms	B-JOB
principal	aqcs	I-JOB
II	z	O
.	fp	O

Funciones	ncfp	O
:	fd	O

Absolver	vmn	B-FUN
consultas	ncfp	I-FUN
legales	aqcp	I-FUN
vinculadas	vmp	I-FUN
a	sp	I-FUN
temas	ncfp	I-FUN
formuladas	aqfp	I-FUN
por	sp	I-FUN
las	da0fp	I-FUN
distintas	aqfp	I-FUN
áreas	ncfp	I-FUN
de	sp	I-FUN
la	da0fs	I-FUN
institución	ncfs	I-FUN
,	fc	I-FUN
sujetos	ncmp	I-FUN
supervisados	vmp	I-FUN
o	cc	I-FUN
usuarios	ncmp	I-FUN
de	sp	I-FUN
los	da0mp	I-FUN
mismos	aqmp	I-FUN
.	fp	O

Revisión	ncfs	B-FUN
de	sp	I-FUN
oficios	ncmp	I-FUN
de	sp	I-FUN
inicio	ncms	I-FUN
de	sp	I-FUN
procedimiento	ncms	I-FUN
sancionador	aqms	I-FUN
y	cc	I-FUN
proyectos	ncmp	I-FUN
de	sp	I-FUN
resoluciones	ncfp	I-FUN
asociados	vmp	I-FUN
a	sp	I-FUN
los	da0mp	I-FUN
mismos	aqmp	I-FUN
.	fp	O

Revisión	ncfs	B-FUN
de	sp	I-FUN
los	da0mp	I-FUN
aspectos	ncmp	I-FUN
legales	aqcp	I-FUN
vinculados	vmp	I-FUN
a	sp	I-FUN
los	da0mp	I-FUN
procedimientos	ncmp	I-FUN
administrativos	aqmp	I-FUN
contenidos	ncmp	I-FUN
en	sp	I-FUN
el	da0ms	I-FUN
tupa	ncms	I-FUN
de	sp	I-FUN
la	da0fs	I-FUN
institución	ncfs	I-FUN
.	fp	O

Participar	vmn	B-FUN
en	sp	I-FUN
las	da0fp	I-FUN
actividades	ncfp	I-FUN
que	pr0cn	I-FUN
le	pp3cs	I-FUN
sean	vss	I-FUN
encargadas	vmp	I-FUN
por	sp	I-FUN
el	da0ms	I-FUN
departamento	ncms	I-FUN
legal	aqcs	I-FUN
,	fc	I-FUN
tales	dd0cp	I-FUN
como	cs	I-FUN
comisiones	ncfp	I-FUN
especiales	aqcp	I-FUN
,	fc	I-FUN
sometimiento	ncms	I-FUN
de	sp	I-FUN
regímenes	ncmp	I-FUN
especiales	aqcp	I-FUN
,	fc	I-FUN
revisión	ncfs	I-FUN
de	sp	I-FUN
proyectos	ncmp	I-FUN
normativos	aqmp	I-FUN
,	fc	I-FUN
etc	fs	I-FUN
.	fp	O

Elaboración	ncfs	B-FUN
de	sp	I-FUN
proyectos	ncmp	I-FUN
de	sp	I-FUN
respuesta	ncfs	I-FUN
a	sp	I-FUN
las	da0fp	I-FUN
consultas	ncfp	I-FUN
formuladas	aqfp	I-FUN
por	sp	I-FUN
otras	di0fp	I-FUN
entidades	ncfp	I-FUN
supervisoras	aqfp	I-FUN
.	fp	O

Preparar	vmn	B-FUN
la	da0fs	I-FUN
información	ncfs	I-FUN
y/o	cc	I-FUN
documentación	ncfs	I-FUN
necesaria	aqfs	I-FUN
para	sp	I-FUN
reuniones	ncfp	I-FUN
de	sp	I-FUN
trabajo	ncms	I-FUN
o	cc	I-FUN
eventos	ncmp	I-FUN
.	fp	O

Participar	vmn	B-FUN
en	sp	I-FUN
la	da0fs	I-FUN
elaboración	ncfs	I-FUN
de	sp	I-FUN
contratos	ncmp	I-FUN
y	cc	I-FUN
resoluciones	ncfp	I-FUN
que	pr0cn	I-FUN
sean	vss	I-FUN
solicitados	vmp	I-FUN
al	sp	I-FUN
departamento	ncms	I-FUN
legal	aqcs	I-FUN
.	fp	O

Otras	di0fp	O
funciones	ncfp	O
inherentes	aqcp	O
al	sp	O
cargo	ncms	O
o	cc	O
que	pr0cn	O
le	pp3cs	O
sean	vss	O
asignadas	vmp	O

Requerimientos	ncmp	O
:	fd	O

Titulado	aqms	B-REQ
en	sp	O
derecho	np00	B-CARR
,	fc	O
con	sp	O
estudios	ncmp	O
de	sp	O
maestría	ncfs	B-REQ
en	sp	O
derecho	np00	B-CARR
o	cc	O
administración	np00	B-CARR
de	sp	I-CARR
empresas	np00	I-CARR
(	fpa	O
MBA	np00	B-REQ
)	fpt	O
.	fp	O

De	sp	O
preferencia	ncfs	O
,	fc	O
contar	vmn	O
cursos	ncmp	O
de	sp	O
especialización	ncfs	B-REQ
relacionados	vmp	O
con	sp	O
el	da0ms	O
sistema	ncms	B-REQ
financiero	aqms	I-REQ
y	cc	O
la	da0fs	O
administración	ncfs	B-REQ
de	sp	I-REQ
negocios	ncmp	I-REQ
.	fp	O

Conocimientos	ncmp	O
a	sp	O
nivel	ncms	O
intermedio	aqms	O
del	sp	O
idioma	ncms	O
inglés	np00	B-REQ
.	fp	O

Manejo	ncms	O
intermedio	aqms	O
a	sp	O
nivel	ncms	O
de	sp	O
usuario	ncms	O
de	sp	O
microsoft	np00	B-REQ
office	np00	I-REQ
.	fp	O

Experiencia	ncfs	O
requerida	aqfs	O
mayor	aqcs	O
a	sp	O
cinco	z	O
(	fpa	O
5	z	O
)	fpt	O
años	ncmp	O
en	sp	O
la	da0fs	O
estructuración	ncfs	B-FUN
de	sp	I-FUN
informes	ncmp	I-FUN
,	fc	O
así	rg	O
como	cs	O
en	sp	O
la	da0fs	O
revisión	ncfs	B-FUN
de	sp	I-FUN
contratos	ncmp	I-FUN
y	cc	I-FUN
operaciones	ncfp	I-FUN
inherentes	aqcp	I-FUN
al	sp	I-FUN
sistema	ncms	I-FUN
financiero	aqms	I-FUN

El	da0ms	O
puesto	ncms	O
requiere	vmi	O
capacidad	ncfs	O
de	sp	O
organización	ncfs	B-REQ
y	cc	O
metodología	ncfs	B-REQ
para	sp	I-REQ
obtener	vmn	I-REQ
resultados	ncmp	I-REQ
adecuados	aqmp	I-REQ
,	fc	O
habilidad	ncfs	O
y	cc	O
responsabilidad	ncfs	B-REQ
para	sp	O
la	da0fs	O
toma	ncfs	B-REQ
de	sp	I-REQ
decisiones	ncfp	I-REQ
,	fc	O
facilidad	ncfs	O
para	sp	O
la	da0fs	O
expresion	ncfs	B-REQ
oral	aqcs	I-REQ
y	cc	I-REQ
escrita	aqfs	I-REQ
,	fc	O
así	rg	O
como	cs	O
demostradas	aqfp	O
habilidades	ncfp	O
para	sp	O
trabajar	vmn	B-REQ
en	sp	I-REQ
equipo	ncms	I-REQ
e	cc	O
interrelacionarse	vmi	B-REQ
con	sp	O
profesionales	nccp	O
de	sp	O
la	da0fs	O
institución	ncfs	O
y	cc	O
fuera	rg	O
de	sp	O
ella	pp3fs	O
.	fp	O

No	rn	O
registrar	vmn	O
deudas	ncfp	O
vigentes	aqcp	O
con	sp	O
calificación	ncfs	O
negativa	aqfs	O
en	sp	O
el	da0ms	O
sistema	ncms	O
financiero	aqms	O
.	fp	O

No	rn	O
estar	van	O
incurso	vmp	O
en	sp	O
la	da0fs	O
directiva	aqfs	O
n	ncfs	O
001	z	O
-	fg	O
2007	z	O
-	fg	O
pcm	np00	O
/	fh	O
sg	np00	O
-	fg	O
registro	ncms	O
nacional	aqcs	O
de	sp	O
sanciones	ncfp	O
de	sp	O
destitución	ncfs	O
y	cc	O
despido	ncms	O
.	fp	O

