Prevencionista	nccs	B-JOB
de	sp	I-JOB
Riesgos	ncmp	I-JOB
.	fp	O

Nuestro	dp1ms	O
cliente	nccs	O
es	vsi	O
una	di0fs	O
empresa	ncfs	O
que	pr0cn	O
tiene	vmi	O
45	z	O
años	ncmp	O
de	sp	O
experiencia	ncfs	O
brindando	vmg	O
servicios	ncmp	O
de	sp	O
consultoría	ncfs	O
en	sp	O
las	da0fp	O
diversas	aqfp	O
áreas	ncfp	O
de	sp	O
la	da0fs	O
Geotecnia	ncfs	O
e	cc	O
Ingeniería	np00	O
.	fp	O
Cuenta	vmi	O
además	rg	O
con	sp	O
premios	ncmp	O
internacionales	aqcp	O
por	sp	O
los	da0mp	O
altos	aqmp	O
estándares	ncmp	O
de	sp	O
calidad	ncfs	O
en	sp	O
sus	dp3cp	O
servicios	ncmp	O
.	fp	O
Actualmente	rg	O
,	fc	O
se	p0000	O
encuentra	vmi	O
en	sp	O
la	da0fs	O
búsqueda	ncfs	O
de	sp	O
incorporar	vmn	O
a	sp	O
su	dp3cs	O
staff	ncmn	O
de	sp	O
profesionales	nccp	O
a	sp	O
un	di0ms	O
PREVENCIONISTA	nccs	B-JOB
.	fp	O

FUNCIONES	ncfp	O
:	fd	O

*	fz	O
Asistir	vmn	B-FUN
al	sp	I-FUN
Jefe	ncms	I-FUN
de	sp	I-FUN
Seguridad	ncfs	I-FUN
y	cc	I-FUN
Salud	ncfs	I-FUN
Ocupacional	aqcs	I-FUN
en	sp	I-FUN
los	da0mp	I-FUN
distintos	aqmp	I-FUN
proyectos	ncmp	I-FUN
a	sp	I-FUN
los	da0mp	I-FUN
cuales	pr0cp	I-FUN
es	vsi	I-FUN
destacado	vmp	I-FUN
.	fp	O

*	fz	O
Contribuir	vmn	B-FUN
a	sp	I-FUN
la	da0fs	I-FUN
aplicación	ncfs	I-FUN
de	sp	I-FUN
la	da0fs	I-FUN
Política	ncfs	I-FUN
y	cc	I-FUN
el	da0ms	I-FUN
Sistema	ncms	I-FUN
de	sp	I-FUN
Seguridad	ncfs	I-FUN
.	fp	O

*	fz	O
Reemplazar	vmn	B-FUN
al	sp	I-FUN
JSSO	np00	I-FUN
cuando	cs	I-FUN
él	pp3ms	I-FUN
esté	vms	I-FUN
en	sp	I-FUN
otro	di0ms	I-FUN
proyecto	ncms	I-FUN
.	fp	O

REQUISITOS	ncmp	O
:	fd	O

*	fz	O
Técnico	ncms	B-REQ
o	cc	O
Bachiller	ncms	O
en	sp	O
Seguridad	np00	B-CARR
y	cc	I-CARR
Salud	np00	I-CARR
Ocupacional	np00	I-CARR
,	fc	O
Ing	np00	B-CARR
.	fp	I-CARR
ambiental	np00	I-CARR
,	fc	O
Ing	np00	B-CARR
.	fp	I-CARR
Química	np00	I-CARR
,	fc	O
Ing	np00	B-CARR
.	fp	I-CARR
de	sp	I-CARR
minas	np00	I-CARR
,	fc	O
Ing	np00	B-CARR
.	fp	I-CARR
geológica	np00	I-CARR
,	fc	O
Ing	np00	B-CARR
.	fp	I-CARR
Mecánica	np00	I-CARR
,	fc	O
Ing	np00	B-CARR
.	fp	I-CARR
Mecánica	np00	I-CARR
electricista	np00	I-CARR
.	fp	O

*	fz	O
Experiencia	ncfs	O
en	sp	O
proyectos	ncmp	B-AREA
en	sp	O
puestos	ncmp	O
similares	aqcp	O
(	fpa	O
2	z	O
años	ncmp	O
)	fpt	O

*	fz	O
Conocimiento	ncms	O
indispensable	aqcs	O
en	sp	O
:	fd	O

*	fz	O
Leyes	ncfp	B-REQ
,	fc	O
reglamentos	ncmp	B-REQ
y	cc	O
estatutos	ncmp	B-REQ
;	fx	O
políticas	ncfp	B-REQ
,	fc	O
normas	ncfp	B-REQ
y	cc	O
procedimientos	ncmp	B-REQ
en	sp	O
materia	ncfs	O
de	sp	O
seguridad	ncfs	B-AREA
industrial	aqcs	I-AREA
,	fc	O
protección	ncfs	B-AREA
ambiental	aqcs	I-AREA
e	cc	I-AREA
higiene	ncfs	B-AREA
ocupacional	aqcs	I-AREA
.	fp	O

*	fz	O
Equipos	ncmp	B-REQ
de	sp	I-REQ
evaluación	ncfs	I-REQ
ambiental	aqcs	I-REQ
.	fp	O

*	fz	O
Métodos	ncmp	B-REQ
de	sp	I-REQ
prevención	ncfs	I-REQ
y	cc	O
registros	ncmp	B-REQ
de	sp	I-REQ
accidentes	ncmp	I-REQ
,	fc	O
inspecciones	ncfp	B-REQ
y	cc	O
otros	pi0mp	O
relacionados	vmp	O
con	sp	O
la	da0fs	O
seguridad	ncfs	B-AREA
industrial	aqcs	I-AREA
e	cc	I-AREA
higiene	ncfs	I-AREA
ocupacional	aqcs	I-AREA
.	fp	O

*	fz	O
MS	np00	B-REQ
Office	np00	I-REQ
Básico	aqms	O

*	fz	O
Disponibilidad	ncfs	O
para	sp	O
viajar	vmn	B-MISC
constantemente	rg	I-MISC
.	fp	O

HABILIDADES	ncfp	O
:	fd	O

*	fz	O
Comunicación	ncfs	B-REQ
a	sp	O
todo	di0ms	O
nivel	ncms	O

*	fz	O
Planificación	ncfs	B-REQ
y	cc	O
orden	ncfs	B-REQ

*	fz	O
Buena	aqfs	O
redacción	ncfs	B-REQ

*	fz	O
Capacidad	ncfs	O
de	sp	O
coordinación	ncfs	B-REQ

CONDICIONES	ncfp	O
:	fd	O

*	fz	O
Ingreso	ncms	O
a	sp	O
planilla	ncms	B-BEN
con	sp	O
todos	di0mp	B-BEN
los	da0mp	I-BEN
beneficios	ncmp	I-BEN
de	sp	I-BEN
ley	ncfs	I-BEN
.	fp	O

*	fz	O
Horarios	ncmp	O
:	fd	O

*	fz	O
En	sp	O
Lima	np00	B-LUG
:	fd	O
Lunes	w	B-DATE
a	w	I-DATE
Viernes	w	I-DATE
8:00am	w	I-DATE
a	sp	I-DATE
5:30pm	w	I-DATE
.	fp	O

*	fz	O
En	sp	O
proyectos	ncmp	O
:	fd	O
Se	p0000	O
adhieren	vmi	O
al	sp	O
régimen	ncms	O
del	sp	O
cliente	nccs	O

Las	da0fp	O
personas	ncfp	O
interesadas	aqfp	O
enviar	vmn	O
su	dp3cs	O
hoja	ncfs	O
de	sp	O
vida	ncfs	O
al	sp	O
correo	ncms	O
indicado	vmp	O
indicando	vmg	O
en	sp	O
el	da0ms	O
asunto	ncms	O
PREVEN	np00	O
y	cc	O
sus	dp3cp	O
pretensiones	ncfp	O
salariales	aqcp	O
.	fp	O

