Asistente	nccs	B-JOB
de	sp	I-JOB
Operaciones	ncfp	I-JOB
(	fpa	O
AOS	np00	O
-	fg	O
MH	np00	O
)	fpt	O
.	fp	O

Nuestro	dp1ms	O
cliente	nccs	O
,	fc	O
empresa	ncfs	O
dedicada	aqfs	O
a	sp	O
brindar	vmn	O
servicios	ncmp	O
de	sp	O
saneamiento	ncms	O
ambiental	aqcs	O
como	cs	O
desratización	ncfs	O
,	fc	O
desinfección	ncfs	O
,	fc	O
desinsectación	ncfs	O
,	fc	O
fumigación	ncfs	O
de	sp	O
espacios	ncmp	O
rumas	aqmp	O
y	cc	O
contenedores	ncmp	O
,	fc	O
se	p0000	O
encuentra	vmi	O
en	sp	O
la	da0fs	O
búsqueda	ncfs	O
de	sp	O
un	di0ms	O
:	fd	O

Asistente	nccs	B-JOB
de	sp	I-JOB
Operaciones	ncfp	I-JOB
(	fpa	O
AOS	np00	O
-	fg	O
MH	np00	O
)	fpt	O

Requisitos	ncmp	O

*	fz	O
Profesional	nccs	O
egresado	aqms	O
de	sp	O
las	da0fp	O
carreras	ncfp	O
de	sp	O
Ing	np00	B-CARR
.	fp	I-CARR
Industrial	np00	I-CARR
,	fc	O
Ingeniería	np00	B-CARR
Alimentaria	np00	I-CARR
,	fc	O
Ingeniería	np00	B-CARR
Pesquera	np00	I-CARR
,	fc	O
Ingeniería	np00	B-CARR
Sanitario	np00	I-CARR
,	fc	O
Ingeniería	np00	B-CARR
Agrónomo	np00	I-CARR
o	cc	O
afines	aqcp	B-CARR
.	fp	O

*	fz	O
Contar	vmn	O
con	sp	O
6	z	O
meses	ncmp	O
de	sp	O
experiencia	ncfs	O
en	sp	O
saneamiento	ncms	B-FUN
y	cc	I-FUN
control	ncms	I-FUN
de	sp	I-FUN
plagas	ncfp	I-FUN
.	fp	O

*	fz	O
Conocimientos	ncmp	O
de	sp	O
ISO	np00	B-REQ
9001	z	I-REQ
,	fc	O
ISO	np00	B-REQ
14001	z	I-REQ
,	fc	O
Leyes	ncfp	B-REQ
de	sp	I-REQ
seguridad	ncfs	I-REQ
y	cc	I-REQ
salud	ncfs	I-REQ
de	sp	I-REQ
trabajo	ncms	I-REQ
vigentes	aqcp	I-REQ
.	fp	O

*	fz	O
Conocimiento	ncms	O
de	sp	O
Microsoft	np00	B-REQ
Office	np00	I-REQ
a	sp	O
nivel	ncms	O
usuario	aqms	O
.	fp	O

*	fz	O
Dominio	ncms	O
de	sp	O
inglés	np00	B-REQ
a	sp	O
nivel	ncms	O
básico	aqms	O
.	fp	O

Funciones	ncfp	O

*	fz	O
Coordinar	vmn	B-FUN
y	cc	I-FUN
supervisar	vmn	I-FUN
los	da0mp	I-FUN
servicios	ncmp	I-FUN
de	sp	I-FUN
limpieza	ncfs	I-FUN
,	fc	I-FUN
desinfección	ncfs	I-FUN
,	fc	I-FUN
desinsectación	ncfs	I-FUN
,	fc	I-FUN
desratización	ncfs	I-FUN
de	sp	I-FUN
oficinas	ncfp	I-FUN
,	fc	I-FUN
fábricas	ncfp	I-FUN
,	fc	I-FUN
buques	ncmp	I-FUN
,	fc	I-FUN
frigoríficos	ncmp	I-FUN
,	fc	I-FUN
etc	fs	I-FUN
.	fp	O
Fumigaciones	ncmn	B-FUN
de	sp	I-FUN
granos	ncmp	I-FUN
,	fc	I-FUN
harinas	ncfp	I-FUN
de	sp	I-FUN
consumo	ncms	I-FUN
humano	aqms	I-FUN
y	cc	I-FUN
animal	ncms	I-FUN
,	fc	I-FUN
etc	fs	I-FUN
.	fp	O

*	fz	O
Elaborar	vmn	B-FUN
de	sp	I-FUN
constancias	ncfp	I-FUN
e	cc	I-FUN
informes	ncmp	I-FUN
sobre	sp	I-FUN
los	da0mp	I-FUN
servicios	ncmp	I-FUN
realizados	aqmp	I-FUN
;	fx	O
elaborar	vmn	B-FUN
el	da0ms	I-FUN
programa	ncms	I-FUN
diario	aqms	I-FUN
de	sp	I-FUN
actividades	ncfp	I-FUN
de	sp	I-FUN
los	da0mp	I-FUN
operarios	ncmp	I-FUN
en	sp	I-FUN
coordinación	ncfs	I-FUN
con	sp	I-FUN
el	da0ms	I-FUN
Jefe	ncms	I-FUN
de	sp	I-FUN
Operaciones	ncfp	I-FUN
y	cc	I-FUN
hacer	van	I-FUN
cumplir	vmn	I-FUN
estas	dd0fp	I-FUN
.	fp	O

*	fz	O
Llevar	vmn	B-FUN
el	da0ms	I-FUN
inventario	ncms	I-FUN
de	sp	I-FUN
los	da0mp	I-FUN
productos	ncmp	I-FUN
y	cc	I-FUN
controlar	vmn	I-FUN
el	da0ms	I-FUN
buen	aqms	I-FUN
uso	ncms	I-FUN
y	cc	I-FUN
mantenimiento	ncms	I-FUN
de	sp	I-FUN
las	da0fp	I-FUN
máquinas	ncfp	I-FUN
,	fc	I-FUN
herramientas	ncfp	I-FUN
y	cc	I-FUN
otro	di0ms	I-FUN
asignado	vmp	I-FUN
al	sp	I-FUN
área	ncfs	I-FUN
de	sp	I-FUN
operaciones	ncfp	I-FUN
,	fc	O
controlar	vmn	B-FUN
y	cc	I-FUN
mantener	vmn	I-FUN
el	da0ms	I-FUN
stock	ncms	I-FUN
de	sp	I-FUN
los	da0mp	I-FUN
formatos	ncmp	I-FUN
,	fc	I-FUN
constancias	ncfp	I-FUN
y	cc	I-FUN
otros	di0mp	I-FUN
propios	ncmp	I-FUN
del	sp	I-FUN
área	ncfs	I-FUN
.	fp	O

*	fz	O
Cumplir	vmn	B-FUN
con	sp	I-FUN
cualquier	di0cs	I-FUN
otra	di0fs	I-FUN
función	ncfs	I-FUN
que	cs	I-FUN
la	da0fs	I-FUN
Gerencia	ncfs	I-FUN
de	sp	I-FUN
Operaciones	np00	I-FUN
crea	vms	I-FUN
conveniente	aqcs	I-FUN
relacionado	vmp	I-FUN
con	sp	I-FUN
el	da0ms	I-FUN
puesto	ncms	I-FUN
.	fp	O

*	fz	O
Fumigar	vmn	B-FUN
Centros	ncmp	I-FUN
,	fc	O
podría	vmi	O
ser	vsn	O
en	sp	O
horarios	ncmp	B-MISC
nocturnos	aqmp	I-MISC
,	fc	O
viajará	vmi	B-MISC
a	sp	I-MISC
provincia	ncfs	I-MISC
cuando	cs	O
el	da0ms	O
cliente	nccs	O
lo	pp3cn	O
solicite	vms	O
.	fp	O

Beneficios	ncmp	O

*	fz	O
Salario	ncms	O
acorde	aqcs	B-SAL
al	sp	I-SAL
mercado	ncms	I-SAL
.	fp	O

*	fz	O
Ingreso	ncms	O
a	sp	O
planilla	ncfs	B-BEN
.	fp	O

*	fz	O
Grato	aqms	B-BEN
ambiente	ncms	I-BEN
laboral	aqcs	I-BEN
.	fp	O

Los	da0mp	O
interesados	aqmp	O
enviar	vmn	O
su	dp3cs	O
CV	np00	O
al	sp	O
correo	ncms	O
xxxxxxxxx	np00	B-MISC
#	fz	I-MISC
#	fz	I-MISC
@	fz	I-MISC
xxxxxxxxx	np00	I-MISC
.	fp	I-MISC
xx	np00	I-MISC
;	fx	O
colocando	vmg	O
en	sp	O
asunto	ncms	O
AOS	np00	O
-	fg	O
MH	np00	O
indicando	vmg	O
sus	dp3cp	O
pretensiones	ncfp	O
salariales	aqcp	O
.	fp	O

