Asistenta	ncfs	B-JOB
Social	aqcs	I-JOB
.	fp	O

Scytl	np00	B-ORG
Perú	np00	I-ORG
,	fc	O
líder	nccs	O
mundial	aqcs	O
en	sp	O
soluciones	ncfp	O
seguras	aqfp	O
de	sp	O
gestión	ncfs	O
electoral	aqcs	O
y	cc	O
voto	ncms	O
electrónico	aqms	O
,	fc	O
ofrece	vmi	O
la	da0fs	O
primera	aofs	O
plataforma	ncfs	O
de	sp	O
principio	ncms	O
a	sp	O
fin	ncms	O
para	sp	O
gestión	ncfs	O
electoral	aqcs	O
y	cc	O
de	sp	O
votación	ncfs	O
la	da0fs	O
cual	pr0cs	O
cuenta	vmi	O
con	sp	O
los	da0mp	O
estándares	ncmp	O
de	sp	O
seguridad	ncfs	O
y	cc	O
transparencia	ncfs	O
más	rg	O
altos	aqmp	O
del	sp	O
mercado	ncms	O
.	fp	O

Descripción	ncfs	O
de	sp	O
la	da0fs	O
Empresa	ncfs	O

Ubicada	vmp	O
en	sp	O
San	np00	B-LUG
Isidro	np00	I-LUG
,	fc	O
Lima	np00	B-LUG
,	fc	O
consolidada	vmp	O
Start	np00	B-ORG
-	fg	I-ORG
up	np00	I-ORG
tecnológica	aqfs	O
con	sp	O
+	fz	O
400	z	O
personas	ncfp	O
en	sp	O
todo	di0ms	O
el	da0ms	O
mundo	ncms	O
y	cc	O
+	fz	O
100	z	O
en	sp	O
Perú	np00	B-LUG
,	fc	O
con	sp	O
sede	ncfs	O
principal	aqcs	O
en	sp	O
Barcelona	np00	B-LUG
,	fc	O
España	np00	B-LUG
.	fp	O

Reconocidos	aqmp	O
premios	ncmp	O
y	cc	O
líderes	nccp	O
en	sp	O
seguridad	ncfs	O
aplicada	vmp	O
al	sp	O
voto	ncms	O
electrónico	aqms	O
y	cc	O
modernización	ncfs	O
electoral	aqcs	O
,	fc	O
con	sp	O
clientes	nccp	O
en	sp	O
todo	di0ms	O
el	da0ms	O
mundo	ncms	O
.	fp	O

Comprometidos	aqmp	O
con	sp	O
la	da0fs	O
I	np00	O
+	fz	O
D	np00	O
,	fc	O
poseen	vmi	O
un	di0ms	O
extenso	aqms	O
portafolio	ncms	O
de	sp	O
patentes	ncfp	O
.	fp	O

Personal	ncms	O
calificado	aqms	O
con	sp	O
años	ncmp	O
de	sp	O
experiencia	ncfs	O
en	sp	O
seguridad	ncfs	B-AREA
tecnológica	aqfs	I-AREA
,	fc	O
ingeniería	ncfs	B-AREA
de	sp	I-AREA
software	ncms	I-AREA
y	cc	O
protocolos	ncmp	B-AREA
criptográficos	aqmp	I-AREA
.	fp	O

Más	rg	O
información	ncfs	O
de	sp	O
la	da0fs	O
empresa	ncfs	O
puede	vmi	O
ser	vsn	O
encontrada	vmp	O
en	sp	O
http	np00	B-MISC
:	fd	I-MISC
/	zu	I-MISC
/	fh	I-MISC
www	np00	I-MISC
.	fp	I-MISC
scytl	np00	I-MISC
.	fp	I-MISC
com	np00	I-MISC
.	fp	O

Descripción	ncfs	O
del	sp	O
Puesto	ncms	O

Las	da0fp	O
responsabilidades	ncfp	O
incluyen	vmi	O
pero	cc	O
no	rn	O
se	p0000	O
limitan	vmi	O
a	sp	O
:	fd	O

Implementar	vmn	B-FUN
,	fc	I-FUN
desarrollar	vmn	I-FUN
y	cc	I-FUN
gestionar	vmn	I-FUN
el	da0ms	I-FUN
bienestar	ncms	I-FUN
social	aqcs	I-FUN
de	sp	I-FUN
los	da0mp	I-FUN
colaboradores	ncmp	I-FUN
.	fp	O

Gestionar	vmn	B-FUN
las	da0fp	I-FUN
acreditaciones	ncfp	I-FUN
y	cc	I-FUN
afiliaciones	ncfp	I-FUN
para	sp	I-FUN
la	da0fs	I-FUN
atención	ncfs	I-FUN
de	sp	I-FUN
Essalud	np00	I-FUN
,	fc	I-FUN
seguro	ncms	I-FUN
de	sp	I-FUN
vida	ncfs	I-FUN
ley	ncfs	I-FUN
,	fc	I-FUN
EPS	np00	I-FUN
,	fc	I-FUN
seguro	aqms	I-FUN
de	sp	I-FUN
practicantes	nccp	I-FUN
y	cc	I-FUN
t	np00	I-FUN
-	fg	I-FUN
registro	ncms	I-FUN
derechohabientes	ncmp	I-FUN
.	fp	O

Gestionar	vmn	B-FUN
los	da0mp	I-FUN
trámites	ncmp	I-FUN
de	sp	I-FUN
subsidio	ncms	I-FUN
Essalud	np00	I-FUN
,	fc	I-FUN
reembolsos	ncmp	I-FUN
directos	aqmp	I-FUN
e	cc	I-FUN
indirectos	aqmp	I-FUN
.	fp	O

Asistir	vmn	B-FUN
a	sp	I-FUN
los	da0mp	I-FUN
colaboradores	ncmp	I-FUN
a	sp	I-FUN
fin	ncms	I-FUN
de	sp	I-FUN
que	cs	I-FUN
reciban	vms	I-FUN
su	dp3cs	I-FUN
atención	ncfs	I-FUN
médica	aqfs	I-FUN
y	cc	I-FUN
cobertura	ncfs	I-FUN
de	sp	I-FUN
seguro	ncms	I-FUN
.	fp	O

Monitorear	vmn	B-FUN
y	cc	I-FUN
dar	vmn	I-FUN
apoyo	ncms	I-FUN
a	sp	I-FUN
los	da0mp	I-FUN
colaboradores	ncmp	I-FUN
que	pr0cn	I-FUN
tengan	vms	I-FUN
casos	ncmp	I-FUN
referidos	aqmp	I-FUN
a	sp	I-FUN
la	da0fs	I-FUN
asistencia	ncfs	I-FUN
social	aqcs	I-FUN
.	fp	O

Organizar	vmn	B-FUN
y	cc	I-FUN
promover	vmn	I-FUN
campañas	ncfp	I-FUN
de	sp	I-FUN
prevención	ncfs	I-FUN
que	pr0cn	I-FUN
mejoren	vms	I-FUN
el	da0ms	I-FUN
bienestar	ncms	I-FUN
del	sp	I-FUN
colaborador	ncms	I-FUN
.	fp	O

Preparar	vmn	B-FUN
presentaciones	ncfp	I-FUN
y	cc	I-FUN
lleva	vmi	I-FUN
a	sp	I-FUN
cabo	vmn	I-FUN
seminarios	ncmp	I-FUN
y	cc	I-FUN
talleres	ncmp	I-FUN
de	sp	I-FUN
formación	ncfs	I-FUN
y	cc	I-FUN
concienciación	ncfs	I-FUN
sobre	sp	I-FUN
una	di0fs	I-FUN
variedad	ncfs	I-FUN
de	sp	I-FUN
temas	ncmp	I-FUN
relacionados	aqmp	I-FUN
con	sp	I-FUN
el	da0ms	I-FUN
lugar	ncms	I-FUN
de	sp	I-FUN
trabajo	ncms	I-FUN
y	cc	I-FUN
las	da0fp	I-FUN
técnicas	ncfp	I-FUN
y	cc	I-FUN
procesos	ncmp	I-FUN
para	sp	I-FUN
mejorar	vmn	I-FUN
el	da0ms	I-FUN
rendimiento	ncms	I-FUN
de	sp	I-FUN
los	da0mp	I-FUN
empleados	ncmp	I-FUN
.	fp	O

Buscar	vmn	B-FUN
y	cc	I-FUN
promocionar	vmn	I-FUN
nuevos	aqmp	I-FUN
beneficios	ncmp	I-FUN
,	fc	I-FUN
corporativos	aqmp	I-FUN
y	cc	I-FUN
externos	aqmp	I-FUN
.	fp	O

Atender	vmn	B-FUN
los	da0mp	I-FUN
requerimientos	ncmp	I-FUN
o	cc	I-FUN
solicitudes	ncfp	I-FUN
de	sp	I-FUN
los	da0mp	I-FUN
colaboradores	ncmp	I-FUN
referente	aqcs	I-FUN
a	sp	I-FUN
los	da0mp	I-FUN
beneficios	ncmp	I-FUN
que	pr0cn	I-FUN
brinda	vmi	I-FUN
la	da0fs	I-FUN
compañía	ncfs	I-FUN

Coordinar	vmn	B-FUN
y	cc	I-FUN
negociar	vmn	I-FUN
con	sp	I-FUN
proveedores	ncmp	I-FUN
programas	ncmp	I-FUN
y/o	cc	I-FUN
actividades	ncfp	I-FUN
de	sp	I-FUN
orden	ncfs	I-FUN
social	aqcs	I-FUN
,	fc	I-FUN
formativo	aqms	I-FUN
y/o	cc	I-FUN
recreativo	aqms	I-FUN
.	fp	O

Brindar	vmn	B-FUN
información	ncfs	I-FUN
y	cc	I-FUN
atención	ncfs	I-FUN
personalizado	vmp	I-FUN
al	sp	I-FUN
Colaborador	ncms	I-FUN
,	fc	I-FUN
en	sp	I-FUN
casos	ncmp	I-FUN
de	sp	I-FUN
enfermedad	ncfs	I-FUN
,	fc	I-FUN
accidentes	ncmp	I-FUN
,	fc	I-FUN
entre	sp	I-FUN
otros	pi0mp	I-FUN
.	fp	O

Asegurar	vmn	B-FUN
el	da0ms	I-FUN
correcto	aqms	I-FUN
bienestar	ncms	I-FUN
del	sp	I-FUN
empleado	ncms	I-FUN
y	cc	I-FUN
la	da0fs	I-FUN
calidad	ncfs	I-FUN
del	sp	I-FUN
trabajo	ncms	I-FUN
y	cc	I-FUN
la	da0fs	I-FUN
experiencia	ncfs	I-FUN
personal	aqcs	I-FUN
.	fp	O

Educación	ncfs	O

Profesional	nccs	B-REQ
Titulada	aqfs	I-REQ
y	cc	O
Colegiada	aqfs	B-REQ
de	sp	O
la	da0fs	O
carrera	ncfs	O
de	sp	O
Trabajo	np00	B-CARR
Social	np00	I-CARR
.	fp	O

Experiencia	ncfs	O
de	sp	O
3	z	O
años	ncmp	O
en	sp	O
el	da0ms	O
cargo	ncms	O
en	sp	O
empresas	ncfp	O
de	sp	O
preferencia	ncfs	O
rubro	aqfs	O
informática	ncfs	B-AREA
,	fc	O
retail	nccs	B-AREA
,	fc	O
servicios	ncmp	B-AREA
,	fc	O
consultoras	ncfp	B-AREA
.	fp	O

Conocimiento	ncms	O
de	sp	O
la	da0fs	O
normatividad	ncfs	B-REQ
laboral	aqcs	I-REQ
en	sp	I-REQ
prestaciones	ncfp	I-REQ
de	sp	I-REQ
salud	ncfs	I-REQ
y	cc	I-REQ
atención	ncfs	I-REQ
laboral	aqcs	I-REQ

Experiencia	ncfs	O
laboral	aqcs	O
promoviendo	vmg	B-FUN
,	fc	I-FUN
planificando	vmg	I-FUN
,	fc	I-FUN
organizando	vmg	I-FUN
y	cc	I-FUN
ejecutando	vmg	I-FUN
planes	ncmp	I-FUN
de	sp	I-FUN
bienestar	ncms	I-FUN
social	aqcs	I-FUN
para	sp	I-FUN
los	da0mp	I-FUN
colaboradores	ncmp	I-FUN
,	fc	I-FUN
trámites	ncmp	I-FUN
y	cc	I-FUN
procedimientos	ncmp	I-FUN
ante	sp	I-FUN
Essalud	np00	I-FUN
y	cc	I-FUN
EPS	np00	I-FUN
,	fc	I-FUN
Seguro	ncms	I-FUN
Vida	ncfs	I-FUN
Ley	ncfs	I-FUN
entre	sp	I-FUN
otros	pi0mp	I-FUN
.	fp	O

Inglés	np00	B-REQ
Avanzado	aqms	O
.	fp	O

Competencias	ncfp	O

Buenas	aqfp	O
capacidades	ncfp	B-REQ
analíticas	aqfp	I-REQ
para	sp	O
asumir	vmn	O
nuevos	aqmp	O
retos	ncmp	O
.	fp	O

Buenas	aqfp	O
habilidades	ncfp	O
de	sp	O
comunicación	ncfs	B-REQ
,	fc	O
organizado	aqms	B-REQ
y	cc	O
motivado	aqms	B-REQ
,	fc	O
persistente	aqcs	B-REQ
,	fc	O
orientado	aqms	B-REQ
a	sp	I-REQ
objetivos	ncmp	I-REQ
.	fp	O

Responsable	aqcs	B-REQ
y	cc	O
confiable	aqcs	B-REQ
.	fp	O

Beneficios	ncmp	O

Salario	ncms	O
competitivo	aqms	B-SAL
con	sp	O
ingreso	ncms	O
a	sp	O
planilla	ncms	B-BEN
por	sp	O
tiempo	ncms	O
indefinido	aqms	O
desde	sp	O
inicio	ncms	O
de	sp	O
labores	ncfp	O
.	fp	O

EPS	np00	B-BEN
cubierta	ncfs	I-BEN
al	sp	I-BEN
100	zp	I-BEN
%	zp	I-BEN
.	fp	O

Subvención	ncfs	B-BEN
de	sp	I-BEN
pago	ncms	I-BEN
de	sp	I-BEN
certificaciones	ncfp	I-BEN
.	fp	O

Pasantías	ncfp	B-BEN
en	sp	I-BEN
el	da0ms	I-BEN
extranjero	ncms	I-BEN
en	sp	I-BEN
los	da0mp	I-BEN
centros	ncmp	I-BEN
de	sp	I-BEN
desarrollo	ncms	I-BEN
de	sp	I-BEN
software	ncms	I-BEN
de	sp	I-BEN
la	da0fs	I-BEN
corporación	ncfs	I-BEN
(	fpa	O
España	np00	B-LUG
,	fc	O
Brasil	np00	B-LUG
,	fc	O
USA	np00	B-LUG
,	fc	O
Grecia	np00	B-LUG
,	fc	O
etc	fs	O
.	fp	O
)	fpt	O

La	da0fs	O
oportunidad	ncfs	O
de	sp	O
trabajar	vmn	B-BEN
en	sp	I-BEN
un	di0ms	I-BEN
entorno	ncms	I-BEN
multi	aqcn	I-BEN
-	fg	I-BEN
cultural	aqcs	I-BEN
.	fp	O

Grandes	aqcp	O
oportunidades	ncfp	O
para	sp	O
crecimiento	ncms	B-BEN
profesional	aqcs	I-BEN
a	sp	O
futuro	ncms	O
en	sp	O
una	di0fs	O
compañía	ncfs	O
en	sp	O
expansión	ncfs	O
.	fp	O

Restricciones	ncfp	O

Extranjeros	ncmp	O
solo	aqms	O
podrán	vmi	O
aplicar	vmn	O
si	cs	O
viven	vmi	O
en	sp	O
Perú	np00	B-LUG
y	cc	O
cuentan	vmi	O
con	sp	O
carnet	ncms	O
de	sp	O
extranjería	ncfs	O
vigente	aqcs	O
.	fp	O

