Analista	nccs	B-JOB
de	sp	I-JOB
Calidad	ncfs	I-JOB
.	fp	O

TOTTUS	np00	B-ORG
es	vsi	O
una	di0fs	O
empresa	ncfs	O
del	sp	O
sector	ncms	O
retail	nccs	O
dedicada	vmp	O
a	sp	O
la	da0fs	O
venta	ncfs	O
minorista	aqcs	O
de	sp	O
productos	ncmp	O
de	sp	O
alimentación	ncfs	O
,	fc	O
limpieza	ncfs	O
,	fc	O
aseo	ncms	O
personal	aqcs	O
,	fc	O
ropa	ncfs	O
,	fc	O
mejoramiento	ncms	O
del	sp	O
hogar	ncms	O
,	fc	O
entre	sp	O
otros	pi0mp	O
.	fp	O

Tenemos	vmi	O
12	z	O
años	ncmp	O
en	sp	O
el	da0ms	O
mercado	ncms	O
peruano	aqms	O
y	cc	O
formamos	vmi	O
parte	ncfs	O
del	sp	O
grupo	ncms	B-ORG
Falabella	np00	I-ORG
,	fc	O
Somos	vsi	O
más	rg	O
de	sp	O
9000	z	O
colaboradores	ncmp	O
,	fc	O
42	z	O
tiendas	ncfp	O
a	sp	O
nivel	ncms	O
nacional	aqcs	O
y	cc	O
estamos	vmi	O
en	sp	O
un	di0ms	O
franco	aqms	O
proceso	ncms	O
de	sp	O
crecimiento	ncms	O
.	fp	O
Somos	vsi	O
el	da0ms	O
único	aqms	O
supermercado	ncms	O
considerado	vmp	O
como	cs	O
una	di0fs	O
de	sp	O
las	da0fp	O
mejores	aqcp	O
empresas	ncfp	O
para	sp	O
trabajar	vmn	O
en	sp	O
el	da0ms	O
Perú	np00	B-LUG
por	sp	O
12	z	O
años	ncmp	O
consecutivo	aqms	O
y	cc	O
estamos	vmi	O
buscando	vmg	O
personas	ncfp	O
como	cs	O
tú	pp2cs	O
para	sp	O
la	da0fs	O
posición	ncfs	O
de	sp	O
:	fd	O

ANALISTA	nccs	B-JOB
DE	sp	I-JOB
CONTROL	ncms	I-JOB
DE	sp	I-JOB
CALIDAD	ncfs	I-JOB

Funciones	ncfp	O
:	fd	O

*	fz	O
Gestión	ncfs	B-FUN
,	fc	I-FUN
análisis	ncms	I-FUN
y	cc	I-FUN
seguimiento	ncms	I-FUN
de	sp	I-FUN
todos	di0mp	I-FUN
los	da0mp	I-FUN
indicadores	ncmp	I-FUN
del	sp	I-FUN
área	ncfs	I-FUN
.	fp	O

*	fz	O
Seguimiento	ncms	B-FUN
y	cc	I-FUN
supervisión	ncfs	I-FUN
del	sp	I-FUN
programa	ncms	I-FUN
anual	aqcs	I-FUN
de	sp	I-FUN
inspecciones	ncfp	I-FUN
higiénico	aqfp	I-FUN
sanitarias	aqfp	I-FUN
.	fp	O

*	fz	O
Gestión	ncfs	B-FUN
del	sp	I-FUN
programa	ncms	I-FUN
anual	aqcs	I-FUN
de	sp	I-FUN
capacitaciones	ncfp	I-FUN
de	sp	I-FUN
los	da0mp	I-FUN
Jefes	ncmp	I-FUN
y	cc	I-FUN
colaboradores	ncmp	I-FUN
de	sp	I-FUN
las	da0fp	I-FUN
tiendas	ncfp	I-FUN
.	fp	O

*	fz	O
Docente	nccs	B-JOB
Interno	aqms	I-JOB
para	sp	O
dictar	vmn	B-FUN
charlas	ncfp	I-FUN
de	sp	I-FUN
inducción	ncfs	I-FUN
y	cc	I-FUN
capacitaciones	ncfp	I-FUN
.	fp	O

*	fz	O
Supervisión	ncfs	B-FUN
y	cc	I-FUN
seguimiento	ncms	I-FUN
de	sp	I-FUN
proyectos	ncmp	I-FUN
nuevos	aqmp	I-FUN
en	sp	I-FUN
Lima	np00	I-FUN
.	fp	O

*	fz	O
Realizar	vmn	B-FUN
propuestas	ncfp	I-FUN
de	sp	I-FUN
mejora	ncfs	I-FUN
.	fp	O

*	fz	O
Otras	di0fp	O
actividades	ncfp	O
del	sp	O
área	ncfs	O
.	fp	O

Requisitos	ncmp	O
:	fd	O

Formación	ncfs	O
Académica	aqfs	O
:	fd	O
Bachiller	ncms	O
o	cc	O
Titulado	aqms	B-REQ
en	sp	O
Ingeniería	np00	B-CARR
de	sp	I-CARR
Industrias	np00	I-CARR
Alimentarias	np00	I-CARR
,	fc	O
Agroalimentario	np00	B-CARR
,	fc	O
Agroindustrial	np00	B-CARR
,	fc	O
Biología	np00	B-CARR
,	fc	O
Pesquero	np00	B-CARR
,	fc	O
Químicos	np00	B-CARR
,	fc	O
entre	sp	O
otras	di0fp	O
carreras	ncfp	B-CARR
afines	aqcp	I-CARR
.	fp	O

Conocimientos	ncmp	O
Específicos	aqmp	O
:	fd	O
Conocimientos	ncmp	O
de	sp	O
BPM	np00	B-REQ
y	cc	O
BPA	np00	B-REQ
,	fc	O
Conocimientos	ncmp	O
de	sp	O
HACCP	np00	B-REQ
,	fc	O
Manejo	ncms	O
de	sp	O
Microsoft	np00	B-REQ
Office	np00	I-REQ
,	fc	O
Excel	np00	B-REQ
,	fc	O
Conocimientos	ncmp	O
en	sp	O
rotulado	ncms	B-REQ
de	sp	I-REQ
alimentos	ncmp	I-REQ
,	fc	O
productos	ncmp	B-REQ
cosméticos	aqmp	I-REQ
y	cc	O
de	sp	O
higiene	ncfs	B-REQ
doméstica	aqfs	I-REQ
.	fp	O

Experiencia	ncfs	O
:	fd	O
02	z	O
años	ncmp	O
en	sp	O
Control	ncms	B-REQ
de	sp	I-REQ
Calidad	ncfs	I-REQ
o	cc	I-REQ
Producción	ncfs	I-REQ
en	sp	O
el	da0ms	O
rubro	ncms	O
de	sp	O
Alimentos	ncmp	B-AREA
o	cc	O
Bebidas	ncfp	B-AREA
.	fp	O

