Asistente	nccs	B-JOB
de	sp	I-JOB
Bienestar	ncms	I-JOB
Social	aqcs	I-JOB
y	cc	I-JOB
Responsabilidad	ncfs	I-JOB
Social	aqcs	I-JOB
-	fg	O
Disponibilidad	ncfs	B-MISC
Inmediata	aqcs	I-MISC
.	fp	O

Nuestra	dp1fs	O
Empresa	ncfs	O
,	fc	O
importante	aqcs	O
representante	nccs	O
del	sp	O
rubro	ncms	O
metalmecánico	ncms	O
,	fc	O
se	p0000	O
encuentra	vmi	O
en	sp	O
la	da0fs	O
búsqueda	ncfs	O
del	sp	O
mejor	aqcs	O
talento	ncms	O
profesional	aqcs	O
para	sp	O
integrarse	vmi	O
a	sp	O
nuestra	dp1fs	O
empresa	ncfs	O
como	cs	O
Asistente	nccs	B-JOB
de	sp	I-JOB
Bienestar	ncms	I-JOB
Social	aqcs	I-JOB
.	fp	O

Funciones	ncfp	O
Específicas	aqcp	O
:	fd	O

Planificar	vmn	B-FUN
,	fc	I-FUN
realizar	vmn	I-FUN
y	cc	I-FUN
ejecutar	vmn	I-FUN
proyectos	ncmp	I-FUN
:	fd	I-FUN
Diagnóstico	ncms	I-FUN
,	fc	I-FUN
marco	ncms	I-FUN
lógico	aqms	I-FUN
,	fc	I-FUN
otros	pi0mp	I-FUN
.	fp	O

Identificar	vmn	B-FUN
proveedores	ncmp	I-FUN
afines	aqcp	I-FUN
que	pr0cn	I-FUN
faciliten	vms	I-FUN
la	da0fs	I-FUN
ejecución	ncfs	I-FUN
del	sp	I-FUN
proyecto	ncms	I-FUN
.	fp	O

Dar	vmn	B-FUN
soporte	ncms	I-FUN
operativo	aqms	I-FUN
en	sp	I-FUN
la	da0fs	I-FUN
implementación	ncfs	I-FUN
eficiente	aqcs	I-FUN
de	sp	I-FUN
programas	ncmp	I-FUN
de	sp	I-FUN
responsabiliad	ncms	I-FUN
social	aqcs	I-FUN
,	fc	I-FUN
orientados	vmp	I-FUN
a	sp	I-FUN
generar	vmn	I-FUN
un	di0ms	I-FUN
cultura	ncfs	I-FUN
preventiva	aqfs	I-FUN
.	fp	O

Elaboración	ncfs	B-FUN
de	sp	I-FUN
informes	ncmp	I-FUN
sociales	aqcp	I-FUN

Brindar	vmn	B-FUN
soporte	ncms	I-FUN
y	cc	I-FUN
seguimiento	ncms	I-FUN
administrativo	aqms	I-FUN
en	sp	I-FUN
caso	ncms	I-FUN
ocurran	vms	I-FUN
accidentes	ncmp	I-FUN
de	sp	I-FUN
trabajo	ncms	I-FUN
.	fp	O

Cooperar	vmn	B-FUN
en	sp	I-FUN
el	da0ms	I-FUN
diseño	ncms	I-FUN
y	cc	I-FUN
desarrollo	ncms	I-FUN
de	sp	I-FUN
contenidos	ncmp	I-FUN
del	sp	I-FUN
Plan	ncms	I-FUN
Anual	aqcs	I-FUN
de	sp	I-FUN
Actividades	ncfp	I-FUN
de	sp	I-FUN
Bienestar	ncms	I-FUN
y	cc	I-FUN
Responsabilidad	ncfs	I-FUN
Social	aqcs	I-FUN

Requisitos	ncmp	O
:	fd	O

Egresado	ncms	O
Bachiller	ncms	O
y/o	cc	O
Tituladas	aqfp	B-REQ
de	sp	O
las	da0fp	O
carreras	ncfp	O
:	fd	O
Antropología	np00	B-CARR
,	fc	O
Sociología	np00	B-CARR
,	fc	O
Comunicación	np00	B-CARR
para	sp	I-CARR
el	da0ms	I-CARR
desarrollo	np00	I-CARR
(	fpa	O
IMPORTANTE	aqcs	O
)	fpt	O

Diplomado	ncms	B-REQ
en	sp	O
gestión	ncfs	B-REQ
de	sp	I-REQ
bienestar	ncms	I-REQ
social	aqcs	I-REQ
y/o	cc	O
afines	ncmp	O
(	fpa	O
De	sp	O
preferencia	ncfs	O
)	fpt	O

Experiencia	ncfs	O
de	sp	O
2	z	O
años	ncmp	O
en	sp	O
empresas	ncfp	B-AREA
industriales	aqcp	I-AREA
.	fp	O
(	fpa	O
De	sp	O
preferencia	ncfs	O
)	fpt	O

Promoviendo	vmg	B-FUN
,	fc	I-FUN
planificando	vmg	I-FUN
,	fc	I-FUN
organizando	vmg	I-FUN
y	cc	I-FUN
ejecutando	vmg	I-FUN
planes	ncmp	I-FUN
de	sp	I-FUN
bienestar	ncms	I-FUN
Social	aqcs	I-FUN
para	sp	I-FUN
los	da0mp	I-FUN
colaboradores	ncmp	I-FUN
.	fp	O

Conocimiento	ncms	O
y	cc	O
experiencia	ncfs	O
en	sp	O
el	da0ms	O
manejo	ncms	O
de	sp	O
programas	ncmp	B-REQ
de	sp	I-REQ
bienestar	ncms	I-REQ
social	aqcs	I-REQ
,	fc	O
responsabilidad	ncfs	B-REQ
social	aqcs	I-REQ
,	fc	O
trámites	ncmp	B-REQ
.	fp	O

Experiencia	ncfs	O
en	sp	O
la	da0fs	O
implementación	ncfs	B-FUN
de	sp	I-FUN
programas	ncmp	I-FUN
de	sp	I-FUN
bienestar	ncms	I-FUN
social	aqcs	I-FUN
.	fp	O

Paquete	ncms	O
de	sp	O
Incorporación	ncfs	O
:	fd	O

Remuneración	ncfs	O
Desde	sp	O
S/.1,500	zm	B-SAL

Ingreso	ncms	O
de	sp	O
planilla	ncfs	B-BEN
desde	sp	O
el	da0ms	O
primer	aoms	O
dia	nccs	O

Programa	ncms	B-BEN
de	sp	I-BEN
capacitación	ncfs	I-BEN

Agradable	aqcs	B-BEN
ambiente	ncms	I-BEN
laboral	aqcs	I-BEN

Horario	ncms	O
de	sp	O
Trabajo	ncms	O
:	fd	O
Lunes	w	B-DATE
a	sp	I-DATE
Viernes	w	I-DATE
de	sp	I-DATE
8:15	w	I-DATE
a	sp	I-DATE
6:00pm	w	I-DATE
y	cc	O
los	da0mp	O
Sábados	w	B-DATE
de	sp	I-DATE
8:30	w	I-DATE
a	sp	I-DATE
12:45	w	I-DATE
pm	w	I-DATE

Las	da0fp	O
personas	ncfp	O
interesadas	aqfp	O
,	fc	O
enviar	vmn	O
su	dp3cs	O
CV	np00	O
actualizado	vmp	O
al	sp	O
correo	ncms	O
:	fd	O
gruiz	np00	B-MISC
@	fz	I-MISC
metalindustrias	np00	I-MISC
.	fp	I-MISC
com	np00	I-MISC
.	fp	I-MISC
pe	np00	I-MISC
(	fpa	O
en	sp	O
asunto	ncms	O
deberá	vmi	O
colocar	vmn	O
-	fg	O
"	fe	O
ABS	np00	O
"	fe	O
)	fpt	O

