Account	aqcs	B-JOB
Manager	ncms	I-JOB
-	fg	O
Soluciones	ncfp	B-AREA
tecnologicas	aqfp	I-AREA
.	fp	O

Funciones	ncfp	O
:	fd	O

Cumplir	vmn	B-FUN
con	sp	I-FUN
su	dp3cs	I-FUN
meta	ncfs	I-FUN
de	sp	I-FUN
facturación	ncfs	I-FUN
periódicamente	rg	I-FUN
según	sp	I-FUN
asignación	ncfs	I-FUN
tipo	ncms	I-FUN
de	sp	I-FUN
servicios	ncmp	I-FUN
.	fp	O

Concretar	vmn	B-FUN
cierres	ncmp	I-FUN
de	sp	I-FUN
nuevos	aqmp	I-FUN
negocios	ncmp	I-FUN
rentables	aqcp	I-FUN
.	fp	O

Visitar	vmn	B-FUN
y	cc	I-FUN
realizar	vmn	I-FUN
un	di0ms	I-FUN
seguimiento	ncms	I-FUN
permanente	aqcs	I-FUN
en	sp	I-FUN
el	da0ms	I-FUN
mapeo	vmn	I-FUN
las	da0fp	I-FUN
oportunidades	ncfp	I-FUN
en	sp	I-FUN
los	da0mp	I-FUN
prospectos	ncmp	I-FUN
claves	aqcp	I-FUN
.	fp	O

Realizar	vmn	B-FUN
una	di0fs	I-FUN
labor	ncfs	I-FUN
consultiva	aqfs	I-FUN
en	sp	I-FUN
sus	dp3cp	I-FUN
prospectos	ncmp	I-FUN
.	fp	O

Elaborar	vmn	B-FUN
propuestas	ncfp	I-FUN
,	fc	I-FUN
analizar	vmn	I-FUN
las	da0fp	I-FUN
oportunidades	ncfp	I-FUN
,	fc	I-FUN
presentación	vmi	I-FUN
de	sp	I-FUN
las	da0fp	I-FUN
propuestas	ncfp	I-FUN
,	fc	I-FUN
cierre	ncms	I-FUN
del	sp	I-FUN
negocio	ncms	I-FUN
.	fp	O

Justificar	vmn	B-FUN
las	da0fp	I-FUN
visitas	ncfp	I-FUN
a	sp	I-FUN
clientes	nccp	I-FUN
y	cc	I-FUN
prospectos	ncmp	I-FUN
mediante	sp	I-FUN
un	di0ms	I-FUN
acta	ncfs	I-FUN
y/o	cc	I-FUN
notas	ncfp	I-FUN
.	fp	O

Mostrar	vmn	B-FUN
al	sp	I-FUN
cliente	nccs	I-FUN
los	da0mp	I-FUN
beneficios	ncmp	I-FUN
,	fc	I-FUN
procedimientos	ncmp	I-FUN
de	sp	I-FUN
atención	ncms	I-FUN
de	sp	I-FUN
la	da0fs	I-FUN
compañía	ncfs	I-FUN
en	sp	I-FUN
el	da0ms	I-FUN
cumplimiento	ncms	I-FUN
de	sp	I-FUN
los	da0mp	I-FUN
servicios	ncmp	I-FUN
entregados	vmp	I-FUN
al	sp	I-FUN
cliente	nccs	I-FUN
.	fp	O

Competencias	ncfp	O
:	fd	O

Empatía	ncfs	B-REQ

Alta	aqfs	O
capacidad	ncfs	O
de	sp	O
relacionamiento	ncms	B-REQ
con	sp	O
gerencias	ncfp	O
y	cc	O
subgerencias	ncfp	O
.	fp	O

Capacidad	ncfs	O
de	sp	O
negociación	ncfs	B-REQ

Dinamismo	ncms	B-REQ
y	cc	O
proactividad	ncfs	B-REQ

Capacidad	ncfs	O
de	sp	O
comunicación	ncmn	B-REQ
a	sp	O
todo	di0ms	O
nivel	ncms	O

Tolerancia	ncfs	B-REQ
a	sp	I-REQ
la	da0fs	I-REQ
frustración	ncfs	I-REQ

Horario	ncms	O
de	sp	O
trabajo	ncms	O

Lunes	w	B-DATE
a	sp	I-DATE
Viernes	w	I-DATE
-	fg	O
horario	ncms	B-MISC
de	sp	I-MISC
oficina	ncfs	I-MISC

Requerimientos	ncmp	O
:	fd	O

Titulado	aqms	B-REQ
de	sp	O
las	da0fp	O
carreras	ncfp	O
de	sp	O
ing	np00	B-CARR
.	fp	I-CARR
industrial	np00	I-CARR
,	fc	O
administración	np00	B-CARR
de	sp	I-CARR
empresas	np00	I-CARR
,	fc	O
ing	np00	B-CARR
.	fp	I-CARR
geográfica	np00	I-CARR
,	fc	O
geografía	np00	B-CARR
,	fc	O
geomática	np00	B-CARR
y/o	cc	O
carreras	ncfp	B-CARR
afines	aqcp	I-CARR
a	sp	O
procesos	ncmp	B-AREA
,	fc	O
tecnología	ncfs	B-AREA
o	cc	O
cartografía	ncfs	B-AREA
.	fp	O

Experiencia	ncfs	O
entre	sp	O
3	z	O
a	sp	O
5	z	O
años	ncmp	O
en	sp	O
el	da0ms	O
área	ncfs	O
comercial	aqcs	B-AREA
de	sp	O
venta	ncfs	B-AREA
consultiva	aqfs	I-AREA
de	sp	I-AREA
soluciones	ncfp	I-AREA
tecnológicas	aqfp	I-AREA
de	sp	O
negocios	ncmp	O
a	sp	O
empresas	ncfp	O
.	fp	O

Experiencia	ncfs	O
en	sp	O
ventas	ncfp	B-AREA
en	sp	O
el	da0ms	O
rubro	ncms	O
de	sp	O
:	fd	O
Servicios	ncmp	B-AREA
y/o	cc	O
soluciones	ncfp	B-AREA
tecnológicas	aqfp	I-AREA
a	sp	O
empresas	ncfp	O
,	fc	O
deseable	aqcs	O
:	fd	O
implementación	ncfs	B-FUN
de	sp	I-FUN
GPS	np00	I-FUN
,	fc	I-FUN
soluciones	ncfp	I-FUN
moviles	aqfp	I-FUN
,	fc	I-FUN
soluciones	ncfp	I-FUN
de	sp	I-FUN
monitoreos	ncms	I-FUN
a	sp	I-FUN
flotas	ncfp	I-FUN
.	fp	O

Contar	vmn	O
con	sp	O
cartera	ncfs	B-REQ
de	sp	I-REQ
clientes	nccp	I-REQ
(	fpa	O
deseable	aqcs	O
en	sp	O
rubros	ncmp	O
de	sp	O
consumo	ncms	B-AREA
masivo	aqms	I-AREA
,	fc	O
telecomunicaciones	ncfp	B-AREA
,	fc	O
logística	ncfs	B-AREA
y	cc	O
constructoras	ncfp	B-AREA
)	fpt	O

Manejo	ncms	O
del	sp	O
powerpoint	np00	B-REQ
a	sp	O
nivel	ncms	O
intermedio	aqms	O
avanzado	aqms	O
.	fp	O

Contar	vmn	O
con	sp	O
movilidad	ncfs	B-REQ
propia	aqfs	I-REQ
.	fp	O
(	fpa	O
no	rn	O
indispensable	aqcs	O
)	fpt	O

