Coordinador	ncms	B-JOB
de	sp	I-JOB
Relaciones	ncfp	I-JOB
Comunitarias	aqfp	I-JOB
.	fp	O

PROFESIÓN	ncfs	O
:	fd	O
Titulado	aqms	B-REQ
y/o	cc	O
Colegiado	aqms	B-REQ
en	sp	O
Ing	np00	B-CARR
.	fp	I-CARR
Agronómica	np00	I-CARR
y/o	cc	O
Agricola	np00	B-CARR
.	fp	O

EXPERIENCIA	ncfs	O
:	fd	O
Mínima	rg	O
de	sp	O
3	z	O
años	ncmp	O
de	sp	O
preferencia	ncfs	O
en	sp	O
minería	ncfs	B-AREA
.	fp	O

CONOCIMIENTOS	ncmp	O
ADICIONALES	aqcp	O
:	fd	O
Especialización	ncfs	B-REQ
en	sp	O
temas	ncmp	O
de	sp	O
gestión	ncfs	B-REQ
social	aqcs	I-REQ
y	cc	O
resolución	ncfs	B-REQ
de	sp	I-REQ
conflictos	ncmp	I-REQ
y	cc	O
conocimiento	ncms	O
sobre	sp	O
normas	ncfp	B-REQ
de	sp	I-REQ
seguridad	ncfs	I-REQ
y	cc	I-REQ
medio	pn0ms	I-REQ
ambiente	ncms	I-REQ
.	fp	O

HABILIDADES	ncfp	O
:	fd	O
Responsabilidad	ncfs	B-REQ
,	fc	O
buena	aqfs	O
comunicación	ncfs	B-REQ
a	sp	O
todo	di0ms	O
nivel	ncms	O
,	fc	O
tolerancia	ncfs	B-REQ
,	fc	O
compromiso	ncms	B-REQ
,	fc	O
trabajo	ncms	B-REQ
en	sp	I-REQ
equipo	ncms	I-REQ
,	fc	O
capacidad	ncfs	B-REQ
analítica	aqfs	I-REQ
,	fc	O
capacidad	ncfs	O
de	sp	O
planificación	ncfs	B-REQ
y	cc	O
organización	ncfs	B-REQ
,	fc	O
criterio	ncms	B-REQ
e	cc	O
iniciativa	ncfs	B-REQ
,	fc	O
adaptación	ncfs	O
a	sp	O
trabajo	ncms	B-REQ
bajo	sp	I-REQ
presión	ncfs	I-REQ

FUNCIONES	ncfp	O
:	fd	O

*	fz	O
Mantener	vmn	B-FUN
el	da0ms	I-FUN
diálogo	ncms	I-FUN
y	cc	I-FUN
contacto	ncms	I-FUN
permanente	aqcs	I-FUN
con	sp	I-FUN
los	da0mp	I-FUN
pobladores	ncmp	I-FUN
del	sp	I-FUN
área	ncfs	I-FUN
de	sp	I-FUN
influencia	ncfs	I-FUN
.	fp	O

*	fz	O
Participar	vmn	B-FUN
en	sp	I-FUN
reuniones	ncfp	I-FUN
periódicas	aqfp	I-FUN
de	sp	I-FUN
las	da0fp	I-FUN
Comunidades	ncfp	I-FUN
para	sp	I-FUN
la	da0fs	I-FUN
difusión	ncfs	I-FUN
de	sp	I-FUN
comunicados	ncmp	I-FUN
,	fc	I-FUN
decisiones	ncfp	I-FUN
oficiales	aqcp	I-FUN
y	cc	I-FUN
respuestas	ncfp	I-FUN
a	sp	I-FUN
consultas	ncfp	I-FUN
relacionadas	aqfp	I-FUN
a	sp	I-FUN
las	da0fp	I-FUN
actividades	ncfp	I-FUN
de	sp	I-FUN
la	da0fs	I-FUN
empresa	ncfs	I-FUN
.	fp	O

*	fz	O
Organizar	vmn	B-FUN
y	cc	I-FUN
ejecutar	vmn	I-FUN
procesos	ncmp	I-FUN
de	sp	I-FUN
consulta	ncfs	I-FUN
y	cc	I-FUN
participación	ncfs	I-FUN
ciudadana	aqfs	I-FUN
según	sp	I-FUN
marco	ncms	I-FUN
normativos	aqmp	I-FUN
.	fp	O

*	fz	O
Identificar	vmn	B-FUN
y	cc	I-FUN
reportar	vmn	I-FUN
expectativas	ncfp	I-FUN
y	cc	I-FUN
percepciones	ncfp	I-FUN
de	sp	I-FUN
la	da0fs	I-FUN
población	ncfs	I-FUN
así	cc	I-FUN
como	cs	I-FUN
situaciones	ncfp	I-FUN
de	sp	I-FUN
riesgo	ncms	I-FUN
de	sp	I-FUN
conflictos	ncmp	I-FUN
sociales	aqcp	I-FUN
y	cc	I-FUN
socio	ncms	I-FUN
ambientales	aqcp	I-FUN
.	fp	O

*	fz	O
Mantener	vmn	B-FUN
las	da0fp	I-FUN
buenas	aqfp	I-FUN
relaciones	ncfp	I-FUN
entre	sp	I-FUN
la	da0fs	I-FUN
empresa	ncfs	I-FUN
y	cc	I-FUN
las	da0fp	I-FUN
comunidades	ncfp	I-FUN
aún	rg	I-FUN
en	sp	I-FUN
situación	ncfs	I-FUN
de	sp	I-FUN
conflicto	ncms	I-FUN
.	fp	O

*	fz	O
Facilitar	vmn	B-FUN
los	da0mp	I-FUN
procesos	ncmp	I-FUN
de	sp	I-FUN
negociación	ncfs	I-FUN
de	sp	I-FUN
propiedades	ncfp	I-FUN
y	cc	I-FUN
gestión	ncfs	I-FUN
de	sp	I-FUN
permisos	ncmp	I-FUN
y	cc	I-FUN
pases	ncmp	I-FUN
que	pr0cn	I-FUN
se	p0000	I-FUN
requiera	vms	I-FUN
.	fp	O

*	fz	O
Facilitar	vmn	B-FUN
los	da0mp	I-FUN
procedimientos	ncmp	I-FUN
de	sp	I-FUN
compensación	ncfs	I-FUN
por	sp	I-FUN
daños	ncmp	I-FUN
y	cc	I-FUN
perjuicios	ncmp	I-FUN
ocasionados	aqmp	I-FUN
por	sp	I-FUN
las	da0fp	I-FUN
actividades	ncfp	I-FUN
de	sp	I-FUN
la	da0fs	I-FUN
empresa	ncfs	I-FUN
.	fp	O

*	fz	O
Identificar	vmn	B-FUN
intereses	ncmp	I-FUN
y	cc	I-FUN
oportunidades	ncfp	I-FUN
de	sp	I-FUN
contribución	ncfs	I-FUN
al	sp	I-FUN
desarrollo	ncms	I-FUN
sostenible	aqcs	I-FUN
de	sp	I-FUN
las	da0fp	I-FUN
comunidades	ncfp	I-FUN
.	fp	O

*	fz	O
Hacer	vmn	B-FUN
seguimiento	ncms	I-FUN
a	sp	I-FUN
la	da0fs	I-FUN
ejecución	ncfs	I-FUN
de	sp	I-FUN
proyectos	ncmp	I-FUN
financiados	vmp	I-FUN
por	sp	I-FUN
la	da0fs	I-FUN
empresa	ncfs	I-FUN
.	fp	O

*	fz	O
Organizar	vmn	B-FUN
y	cc	I-FUN
entregar	vmn	I-FUN
las	da0fp	I-FUN
donaciones	ncfp	I-FUN
específicas	aqfp	I-FUN
física	rg	I-FUN
y	cc	O
documentariamente	rg	O
.	fp	O

*	fz	O
Evaluar	vmn	B-FUN
y	cc	I-FUN
reportar	vmi	I-FUN
los	da0mp	I-FUN
impactos	ncmp	I-FUN
de	sp	I-FUN
proyectos	ncmp	I-FUN
de	sp	I-FUN
Desarrollo	ncms	I-FUN
Sostenible	aqcs	I-FUN
en	sp	I-FUN
la	da0fs	I-FUN
calidad	ncfs	I-FUN
de	sp	I-FUN
vida	ncfs	I-FUN
de	sp	I-FUN
la	da0fs	I-FUN
población	ncfs	I-FUN
.	fp	O

*	fz	O
Cumplir	vmn	B-FUN
con	sp	I-FUN
las	da0fp	I-FUN
normas	ncfp	I-FUN
de	sp	I-FUN
la	da0fs	I-FUN
Compañía	ncfs	I-FUN
,	fc	I-FUN
dentro	rg	I-FUN
de	sp	I-FUN
los	da0mp	I-FUN
lineamientos	ncmp	I-FUN
del	sp	I-FUN
Sistema	ncms	I-FUN
Integrado	aqms	I-FUN
de	sp	I-FUN
Gestión	ncfs	I-FUN
-	fg	I-FUN
SIG	np00	I-FUN
.	fp	O

DISPONIBILIDAD	ncfs	O
:	fd	O

*	fz	O
Inmediata	aqfs	B-MISC
y	cc	O
para	sp	O
viajar	vmn	B-MISC
al	sp	I-MISC
interior	ncms	I-MISC
del	sp	I-MISC
País	ncms	I-MISC
(	fpa	O
La	da0fs	B-LUG
Libertad	np00	I-LUG
-	fg	O
Pataz	np00	B-LUG
)	fpt	O

*	fz	O
Trabajar	vmn	B-MISC
en	sp	I-MISC
sistema	ncms	I-MISC
atípico	aqms	I-MISC
(	fpa	O
28x14	z	B-MISC
)	fpt	O
.	fp	O

*	fz	O
De	sp	O
preferencia	ncfs	O
que	pr0cn	O
radiquen	vmi	O
en	sp	O
el	da0ms	O
Dto	ncms	O
.	fp	O
La	da0fs	B-LUG
Libertad	np00	I-LUG
.	fp	O

Los	da0mp	O
interesados	aqmp	O
enviar	vmn	O
su	dp3cs	O
CV	np00	O
actualizado	vmp	O
con	sp	O
fotografía	ncfs	O
reciente	aqcs	O
e	cc	O
indicar	vmn	O
en	sp	O
el	da0ms	O
asunto	ncms	O
"	fe	O
Coordinador	ncms	B-JOB
de	sp	I-JOB
Relaciones	ncfp	I-JOB
Comunitarias	aqfp	I-JOB
"	fe	O
a	sp	O
la	da0fs	O
siguiente	aqcs	O
dirección	ncfs	O
:	fd	O
xxxx	np00	B-MISC
.	fp	I-MISC
xxxxxxxxx	np00	I-MISC
@	fz	I-MISC
xxxxxxxx	np00	I-MISC
.	fp	I-MISC
xxx	np00	I-MISC
.	fp	I-MISC
xx	np00	I-MISC

