Asistente	nc	B-JOB
de	sp	I-JOB
Plataforma	nc	I-JOB
Post	adj	I-JOB
Venta	np	I-JOB

Importante	adj	O
empresa	nc	O
del	sp	O
rubro	nc	O
comercial	adj	O
requiere	vmi	O
un	det	O
(	fpa	O
a	rg	O
)	fpt	O
Asistente	nc	B-JOB
de	sp	I-JOB
Plataforma	nc	I-JOB
Postventa	np	I-JOB
con	sp	O
el	det	O
siguiente	adj	O
perfil	nc	O
:	fd	O

FORMACION	nc	O
ACADEMICA	adj	O
:	fd	O

*	fz	O
Egresado	nc	O
de	sp	O
carrera	nc	O
técnica	adj	B-REQ
de	sp	O
Administración	np	B-CARR
.	fp	O

*	fz	O
Conocimientos	nc	O
de	sp	O
Excel	np	B-REQ
y	cc	O
Word	np	B-REQ
a	sp	O
nivel	nc	O
usuario	adj	O
(	fpa	O
se	pron	O
evaluará	vmi	O
)	fpt	O
.	fp	O

FUNCIONES	nc	O
:	fd	O

*	fz	O
Coordinación	nc	B-FUN
con	sp	I-FUN
el	det	I-FUN
cliente	nc	I-FUN
para	sp	I-FUN
atenciones	nc	I-FUN
de	sp	I-FUN
los	det	I-FUN
servicios	nc	I-FUN
.	fp	O

*	fz	O
Generación	nc	B-FUN
de	sp	I-FUN
rutas	nc	I-FUN
de	sp	I-FUN
los	det	I-FUN
técnicos	nc	I-FUN
para	sp	I-FUN
atención	nc	I-FUN
de	sp	I-FUN
pedidos	nc	I-FUN
de	sp	I-FUN
los	det	I-FUN
clientes	nc	I-FUN
.	fp	O

*	fz	O
Provee	vmi	B-FUN
de	sp	I-FUN
material	nc	I-FUN
y	cc	I-FUN
documentación	nc	I-FUN
al	sp	I-FUN
técnico	nc	I-FUN
en	sp	I-FUN
función	nc	I-FUN
de	sp	I-FUN
los	det	I-FUN
servicios	nc	I-FUN
programados	adj	I-FUN
.	fp	O

*	fz	O
Gestiona	vmi	B-FUN
documentos	nc	I-FUN
solicitados	adj	I-FUN
por	sp	I-FUN
el	det	I-FUN
cliente	nc	I-FUN
.	fp	O

*	fz	O
Seguimiento	nc	B-FUN
y	cc	I-FUN
control	nc	I-FUN
del	sp	I-FUN
personal	nc	I-FUN
técnico	adj	I-FUN
.	fp	O

*	fz	O
Recopilación	nc	B-FUN
de	sp	I-FUN
documentos	nc	I-FUN
para	sp	I-FUN
la	det	I-FUN
emisión	nc	I-FUN
de	sp	I-FUN
las	det	I-FUN
facturas	nc	I-FUN
por	sp	I-FUN
los	det	I-FUN
servicios	nc	I-FUN
realizados	adj	I-FUN
.	fp	O

*	fz	O
Revisa	vmi	B-FUN
y	cc	I-FUN
controla	vmi	I-FUN
los	det	I-FUN
informes	nc	I-FUN
técnicos	adj	I-FUN
de	sp	I-FUN
los	det	I-FUN
reportes	nc	I-FUN
y	cc	I-FUN
servicios	nc	I-FUN
realizados	adj	I-FUN
.	fp	O

*	fz	O
Realiza	vmm	B-FUN
el	det	I-FUN
seguimiento	nc	I-FUN
a	sp	I-FUN
los	det	I-FUN
documentos	nc	I-FUN
necesarios	adj	I-FUN
para	sp	I-FUN
la	det	I-FUN
facturación	nc	I-FUN
.	fp	O

EXPERIENCIA	nc	O
INDISPENSABLE	adj	O
:	fd	O

*	fz	O
1	z	O
año	nc	O
realizando	vmg	O
las	det	O
funciones	nc	O
mencionadas	vmp	O
.	fp	O

DISPONIBILIDAD	nc	O
:	fd	O

*	fz	O
Inmediata	adj	O
.	fp	O

TE	pron	O
OFRECEMOS	vmi	O
:	fd	O

*	fz	O
Pago	nc	O
en	sp	O
planillas	nc	B-BEN
desde	sp	I-BEN
el	det	I-BEN
primer	adj	I-BEN
día	nc	I-BEN
de	sp	I-BEN
trabajo	nc	I-BEN
(	fpa	O
pago	nc	B-SAL
puntual	adj	I-SAL
)	fpt	O
.	fp	O

*	fz	O
Trabajo	nc	O
:	fd	O
De	sp	B-DATE
Lunes	w	I-DATE
a	sp	I-DATE
Viernes	w	I-DATE
(	fpa	O
8am	w	B-DATE
-	fg	I-DATE
6pm	w	I-DATE
)	fpt	O
.	fp	O

*	fz	O
Remuneración	nc	O
:	fd	O
S/.1500	zm	B-SAL
brutos	adj	I-SAL
.	fp	O

*	fz	O
Buen	adj	B-BEN
clima	nc	I-BEN
laboral	adj	I-BEN
.	fp	O

*	fz	O
Día	nc	B-BEN
libre	adj	I-BEN
por	sp	I-BEN
cumpleaños	nc	I-BEN
.	fp	O

*	fz	O
Todos	det	B-BEN
los	det	I-BEN
beneficios	nc	I-BEN
de	sp	I-BEN
Ley	nc	I-BEN
(	fpa	O
Vacaciones	nc	B-BEN
,	fc	O
Gratificaciones	nc	B-BEN
,	fc	O
CTS	np	B-BEN
,	fc	O
AFP	np	B-BEN
y	cc	O
ESSALUD	np	B-BEN
)	fpt	O
.	fp	O

POSTULACIONES	nc	O
:	fd	O

*	fz	O
Si	cs	O
cumples	vmi	O
con	sp	O
todos	det	O
los	det	O
requisitos	nc	O
y	cc	O
quieres	vmi	O
formar	vmn	O
parte	nc	O
de	sp	O
nuestra	det	O
familia	nc	O
,	fc	O
envíanos	vmi	O
tu	det	O
Cv	np	O
en	sp	O
formato	nc	O
Word	np	O
a	sp	O
xxxxxxxxx	np	B-MISC
.	fp	I-MISC
xxxxxxxxx	np	I-MISC
@	fz	I-MISC
xxxxx	np	I-MISC
.	fp	I-MISC
xxx	np	I-MISC
indicando	vmg	O
en	sp	O
Asunto	nc	O
:	fd	O
POST	adj	O
VENTA	np	O
-	fg	O
COMPUTRABAJO	np	B-ORG

