EJECUTIVO	nc	B-JOB
DE	sp	O
ATENCIÓN	nc	B-AREA
AL	sp	I-AREA
CLIENTE	nc	I-AREA
-	fg	O
DESPACHO	nc	B-AREA

Responsabilidad	nc	O
del	sp	O
Puesto	nc	O

Programar	vmn	B-FUN
y	cc	I-FUN
confirmar	vmn	I-FUN
el	det	I-FUN
pedido	nc	I-FUN
al	sp	I-FUN
Cliente	nc	I-FUN
asignando	vmg	I-FUN
eficientemente	vmi	I-FUN
los	det	I-FUN
recursos	nc	I-FUN
unidades	nc	I-FUN
,	fc	I-FUN
personal	adj	I-FUN
,	fc	I-FUN
plantas	nc	I-FUN
y	cc	I-FUN
Bombas	nc	I-FUN
.	fp	O

Cumplir	vmn	B-FUN
con	sp	I-FUN
la	det	I-FUN
Programacion	nc	I-FUN
de	sp	I-FUN
los	det	I-FUN
Despachos	nc	I-FUN
utilizando	vmg	I-FUN
eficientemente	rg	I-FUN
los	det	I-FUN
recursos	nc	I-FUN
asignados	adj	I-FUN
.	fp	O

Requisitos	nc	O
:	fd	O

*	fz	O
Técnicos	nc	B-REQ
en	sp	O
Construccion	np	B-REQ
Civil	np	I-REQ
,	fc	O
Industrial	np	B-REQ
,	fc	O
Informática	np	B-REQ
,	fc	O
Logística	np	B-REQ
,	fc	O
Administración	np	B-REQ
.	fp	O

*	fz	O
Cursos	nc	O
de	sp	O
Atención	nc	B-AREA
al	sp	I-AREA
Cliente	nc	I-AREA

*	fz	O
06	z	O
meses	nc	O
de	sp	O
experiencia	nc	O
en	sp	O
Logística	np	B-AREA
de	sp	I-AREA
Salida	np	I-AREA
o	cc	O
Atención	nc	B-AREA
al	sp	I-AREA
cliente	nc	I-AREA
.	fp	O

*	fz	O
Inglés	np	B-REQ
Básico	adj	O

*	fz	O
Residir	vmn	O
en	sp	O
San	np	B-LUG
Juan	np	I-LUG
de	sp	I-LUG
Miraflores	np	I-LUG
o	cc	O
zonas	nc	O
aledañas	adj	O
.	fp	O

Funciones	nc	O
:	fd	O

*	fz	O
Buscar	vmn	B-FUN
establecer	vmn	I-FUN
con	sp	I-FUN
el	det	I-FUN
cliente	nc	I-FUN
una	det	I-FUN
relación	nc	I-FUN
de	sp	I-FUN
empatía	np	I-FUN
y	cc	I-FUN
confianza	nc	I-FUN
mutua	adj	I-FUN
brindándole	vmi	I-FUN
la	det	I-FUN
información	nc	I-FUN
que	cs	I-FUN
éste	pron	I-FUN
requiere	vmi	I-FUN
en	sp	I-FUN
todo	det	I-FUN
momento	nc	I-FUN
.	fp	O

*	fz	O
Ingresar	vmn	B-FUN
y	cc	I-FUN
confirmar	vmn	I-FUN
pedidos	nc	I-FUN
de	sp	I-FUN
Clientes	nc	I-FUN
recibidos	vmp	I-FUN
vía	nc	I-FUN
telefónica	adj	I-FUN
y/o	cc	I-FUN
e	np	I-FUN
-	fg	I-FUN
mail	np	I-FUN
oportunamente	rg	I-FUN
.	fp	O

*	fz	O
Programar	vmn	B-FUN
los	det	I-FUN
pedidos	nc	I-FUN
realizando	vmg	I-FUN
un	det	I-FUN
adecuado	adj	I-FUN
balance	nc	I-FUN
de	sp	I-FUN
carga	nc	I-FUN
a	sp	I-FUN
las	det	I-FUN
plantas	nc	I-FUN
y	cc	I-FUN
asignación	nc	I-FUN
de	sp	I-FUN
recursos	nc	I-FUN
.	fp	O

*	fz	O
Negociar	vmn	B-FUN
con	sp	I-FUN
el	det	I-FUN
Cliente	nc	I-FUN
en	sp	I-FUN
casos	nc	I-FUN
de	sp	I-FUN
falta	nc	I-FUN
de	sp	I-FUN
capacidad	nc	I-FUN
de	sp	I-FUN
atención	nc	I-FUN
o	cc	I-FUN
disponibilidad	nc	I-FUN
de	sp	I-FUN
recursos	nc	I-FUN
,	fc	I-FUN
ofreciendo	vmg	I-FUN
horarios	nc	I-FUN
alternativos	adj	I-FUN
.	fp	O

*	fz	O
Llamar	vmn	B-FUN
al	sp	I-FUN
cliente	nc	I-FUN
para	sp	I-FUN
recordarle	vmi	I-FUN
las	det	I-FUN
condiciones	nc	I-FUN
de	sp	I-FUN
obra	nc	I-FUN
y/o	cc	I-FUN
para	sp	I-FUN
informar	vmn	I-FUN
sobre	sp	I-FUN
el	det	I-FUN
status	nc	I-FUN
de	sp	I-FUN
pase	nc	I-FUN
económico	adj	I-FUN
de	sp	I-FUN
los	det	I-FUN
pedidos	nc	I-FUN
programados	vmp	I-FUN
el	det	I-FUN
día	nc	I-FUN
anterior	adj	I-FUN
al	sp	I-FUN
vaciado	nc	I-FUN
.	fp	O

*	fz	O
Atender	vmn	B-FUN
llamadas	nc	I-FUN
de	sp	I-FUN
Clientes	nc	I-FUN
para	sp	I-FUN
atender	vmn	I-FUN
consultas	nc	I-FUN
y	cc	I-FUN
solicitud	nc	I-FUN
de	sp	I-FUN
cambios	nc	I-FUN
de	sp	I-FUN
pedidos	nc	I-FUN
programados	vmp	I-FUN
y	cc	I-FUN
futuros	adj	I-FUN
.	fp	O

*	fz	O
Comunicar	vmn	B-FUN
al	sp	I-FUN
Operador	nc	I-FUN
de	sp	I-FUN
Planta	nc	I-FUN
el	det	I-FUN
inicio	nc	I-FUN
operaciones	nc	I-FUN
,	fc	I-FUN
así	rg	I-FUN
como	cs	I-FUN
el	det	I-FUN
cierre	nc	I-FUN
planta	nc	I-FUN
.	fp	O

*	fz	O
Asignar	vmn	B-FUN
los	det	I-FUN
Mixers	nc	I-FUN
a	sp	I-FUN
los	det	I-FUN
despachos	nc	I-FUN
de	sp	I-FUN
acuerdo	nc	I-FUN
a	sp	I-FUN
la	det	I-FUN
programación	nc	I-FUN
.	fp	O

*	fz	O
Informar	vmn	B-FUN
al	sp	I-FUN
Cliente	nc	I-FUN
el	det	I-FUN
envío	nc	I-FUN
del	sp	I-FUN
primer	adj	I-FUN
despacho	nc	I-FUN
del	sp	I-FUN
pedido	nc	I-FUN
,	fc	I-FUN
pedidos	vmp	I-FUN
con	sp	I-FUN
retrasos	nc	I-FUN
y	cc	I-FUN
atender	vmn	I-FUN
cualquier	det	I-FUN
consulta	nc	I-FUN
relacionados	vmp	I-FUN
al	sp	I-FUN
despacho	nc	I-FUN
.	fp	O

*	fz	O
Realizar	vmn	B-FUN
el	det	I-FUN
seguimiento	nc	I-FUN
y	cc	I-FUN
control	nc	I-FUN
de	sp	I-FUN
las	det	I-FUN
unidades	nc	I-FUN
a	sp	I-FUN
través	sp	I-FUN
del	sp	I-FUN
Sistema	np	I-FUN
Trimble	np	I-FUN
.	fp	O

*	fz	O
Comunicarse	vmi	B-FUN
con	sp	I-FUN
el	det	I-FUN
Operador	nc	I-FUN
de	sp	I-FUN
Despacho	np	I-FUN
Bomba	np	I-FUN
para	sp	I-FUN
sincronizar	vmn	I-FUN
la	det	I-FUN
llegada	nc	I-FUN
de	sp	I-FUN
los	det	I-FUN
Mixers	nc	I-FUN
a	sp	I-FUN
obra	nc	I-FUN
para	sp	I-FUN
iniciar	vmn	I-FUN
los	det	I-FUN
vaciados	nc	I-FUN
.	fp	O

*	fz	O
Comunicar	vmn	B-FUN
al	sp	I-FUN
Jefe	nc	I-FUN
de	sp	I-FUN
Planta	nc	I-FUN
cualquier	det	I-FUN
incidencia	nc	I-FUN
que	pron	I-FUN
pudiera	vms	I-FUN
afectar	vmn	I-FUN
la	det	I-FUN
calidad	nc	I-FUN
del	sp	I-FUN
concreto	nc	I-FUN
.	fp	O

*	fz	O
Reprogramar	vmn	B-FUN
los	det	I-FUN
despachos	nc	I-FUN
en	sp	I-FUN
el	det	I-FUN
caso	nc	I-FUN
que	pron	I-FUN
existan	vms	I-FUN
demoras	vmn	I-FUN
del	sp	I-FUN
cliente	nc	I-FUN
para	sp	I-FUN
evitar	vmn	I-FUN
congestión	nc	I-FUN
de	sp	I-FUN
camiones	nc	I-FUN
en	sp	I-FUN
obra	nc	I-FUN
.	fp	O

*	fz	O
En	sp	O
coordinación	nc	O
con	sp	O
el	det	O
Jefe	nc	O
de	sp	O
Planta	nc	O
,	fc	O
efectuar	vmn	B-FUN
las	det	I-FUN
correcciones	nc	I-FUN
en	sp	I-FUN
Command	np	I-FUN
Series	np	I-FUN
por	sp	I-FUN
GR	np	I-FUN
observadas	vmp	I-FUN
con	sp	I-FUN
discrepancias	nc	I-FUN
de	sp	I-FUN
volumen	nc	I-FUN
de	sp	I-FUN
concreto	nc	I-FUN
u	cc	I-FUN
otra	det	I-FUN
modificación	nc	I-FUN
efectuada	adj	I-FUN
.	fp	O

*	fz	O
Coordinar	vmn	B-FUN
el	det	I-FUN
retiro	nc	I-FUN
de	sp	I-FUN
unidades	nc	I-FUN
de	sp	I-FUN
concreto	nc	I-FUN
de	sp	I-FUN
las	det	I-FUN
obras	nc	I-FUN
Cartilla	adj	I-FUN
de	sp	I-FUN
Instrucciones	nc	I-FUN
para	sp	I-FUN
el	det	I-FUN
retiro	nc	I-FUN
del	sp	I-FUN
Mixer	np	I-FUN
de	sp	I-FUN
Obra	np	I-FUN
.	fp	O

Beneficios	nc	O
:	fd	O

*	fz	O
Ingreso	nc	O
a	sp	O
Planilla	nc	B-BEN
con	sp	I-BEN
todos	det	I-BEN
los	det	I-BEN
beneficios	nc	I-BEN
de	sp	I-BEN
ley	nc	I-BEN
.	fp	O

*	fz	O
EPS	np	B-BEN

*	fz	O
Seguro	np	B-BEN
contra	sp	I-BEN
Riesgo	np	I-BEN

*	fz	O
Seguro	np	B-BEN
de	sp	I-BEN
Vida	nc	I-BEN
Ley	nc	I-BEN

*	fz	O
Convenios	nc	B-BEN
con	sp	I-BEN
instituciones	nc	I-BEN
educativas	adj	I-BEN
.	fp	O

*	fz	O
Tarjeta	nc	B-BEN
de	sp	I-BEN
beneficios	nc	I-BEN
corporativos	adj	I-BEN
.	fp	O

